{"@type":"Actor","@id":"38e67478-a915-43d9-ad67-e25db79a4acc","name":"Franklin Associates, A Division of ERG","description":"For more than 40 years, Franklin Associates has provided life cycle services that track and identify the true costs and environmental impacts of products or processes, revealing areas where improvements and cost reductions are needed to maximize company profits and minimize environmental burdens. Franklin life cycle studies are conducted following ISO standards 14040 and 14044. ","category":"Organisations","version":"01.01.004","lastChange":"2023-10-24T18:57:59.717Z","address":"11050 Roe Ave., 66211 Overland Park, KS","email":"FranklinAssociates@ERG.com","telefax":"(913) 649-6494","telephone":"(913) 649-2225","website":"www.fal.com"}