{"@type":"Process","@id":"1975f735-687a-39ea-96e7-e890e5a5bb51","name":"Ethanol, denatured, mixed feedstocks, at conversion facility, 2022","category":"31-33: Manufacturing/3251: Basic Chemical Manufacturing","version":"00.00.007","lastChange":"2024-12-19T19:10:45.120Z","processType":"UNIT_PROCESS","defaultAllocationMethod":"NO_ALLOCATION","isInfrastructureProcess":false,"location":{"@type":"Location","@id":"b320e7db-c758-3ba6-8839-81eb83c9d7d7","name":"Northern America"},"processDocumentation":{"validFrom":"2008-12-31","validUntil":"2008-12-31","timeDescription":"2009","geographyDescription":"North America","technologyDescription":"modern","sources":[{"@type":"Source","@id":"5e8e63da-4488-3b1d-98fb-446078a7cfac","name":"Hess, J. "},{"@type":"Source","@id":"a1d1d73e-7d93-3a6b-a3bc-3b2f4f025b86","name":"Hsu, D. "}],"dataGenerator":{"@type":"Actor","@id":"04ed125f-ffa7-33b1-af24-77f5bdb21a05","name":"Daniel Inman","category":"Persons"},"dataDocumentor":{"@type":"Actor","@id":"04ed125f-ffa7-33b1-af24-77f5bdb21a05","name":"Daniel Inman","category":"Persons"},"creationDate":"2015-08-04T18:14:56.482Z","publication":{"@type":"Source","@id":"a1d1d73e-7d93-3a6b-a3bc-3b2f4f025b86","name":"Hsu, D. "},"isCopyrightProtected":false,"restrictionsDescription":"All information can be accessed by everybody."},"lastInternalId":6,"parameters":[],"exchanges":[{"@type":"Exchange","isAvoidedProduct":false,"isInput":false,"amount":1.0,"internalId":1,"flow":{"@type":"Flow","@id":"12710c09-7d00-3d32-b909-43b096657c03","name":"Ethanol, denatured, mixed feedstocks, at conversion facility","category":"Technosphere Flows/31-33: Manufacturing/3251: Basic Chemical Manufacturing","flowType":"PRODUCT_FLOW","location":"RNA","refUnit":"kg"},"unit":{"@type":"Unit","@id":"20aadc24-a391-41cf-b340-3e4529f44bde","name":"kg"},"flowProperty":{"@type":"FlowProperty","@id":"93a60a56-a3c8-11da-a746-0800200b9a66","name":"Mass","category":"Technical flow properties","refUnit":"kg"},"isQuantitativeReference":true},{"@type":"Exchange","isAvoidedProduct":false,"isInput":true,"amount":0.129,"internalId":5,"flow":{"@type":"Flow","@id":"005db14f-6fc8-32d3-95a6-c7b8b8d30fb1","name":"Ethanol, denatured, switchgrass, biochemical","category":"Technosphere Flows/31-33: Manufacturing/3251: Basic Chemical Manufacturing","flowType":"PRODUCT_FLOW","location":"RNA","refUnit":"kg"},"unit":{"@type":"Unit","@id":"20aadc24-a391-41cf-b340-3e4529f44bde","name":"kg"},"flowProperty":{"@type":"FlowProperty","@id":"93a60a56-a3c8-11da-a746-0800200b9a66","name":"Mass","category":"Technical flow properties","refUnit":"kg"},"defaultProvider":{"@type":"Process","@id":"0898854c-e38f-3d23-880f-f8da7d65ca0c","name":"Ethanol, denatured, switchgrass, biochemical","category":"31-33: Manufacturing/3251: Basic Chemical Manufacturing","processType":"UNIT_PROCESS","flowType":"PRODUCT_FLOW","location":"RNA"}},{"@type":"Exchange","isAvoidedProduct":false,"isInput":true,"amount":0.129,"internalId":6,"flow":{"@type":"Flow","@id":"7f49cac3-84a7-345a-abaa-c3671a78c38f","name":"Ethanol, denatured, corn stover, biochemical","category":"Technosphere Flows/31-33: Manufacturing/3251: Basic Chemical Manufacturing","flowType":"PRODUCT_FLOW","location":"RNA","refUnit":"kg"},"unit":{"@type":"Unit","@id":"20aadc24-a391-41cf-b340-3e4529f44bde","name":"kg"},"flowProperty":{"@type":"FlowProperty","@id":"93a60a56-a3c8-11da-a746-0800200b9a66","name":"Mass","category":"Technical flow properties","refUnit":"kg"},"defaultProvider":{"@type":"Process","@id":"0879167f-989b-3e3b-b9c5-3c07ea0a3f8e","name":"Ethanol, denatured, corn stover, biochemical","category":"31-33: Manufacturing/3251: Basic Chemical Manufacturing","processType":"UNIT_PROCESS","flowType":"PRODUCT_FLOW","location":"RNA"}},{"@type":"Exchange","isAvoidedProduct":false,"isInput":true,"amount":0.484,"internalId":4,"flow":{"@type":"Flow","@id":"f4364ab6-cb8c-3b5c-a9d7-dfe57ac7bceb","name":"Ethanol, denatured, corn dry mill","category":"Technosphere Flows/31-33: Manufacturing/3251: Basic Chemical Manufacturing","flowType":"PRODUCT_FLOW","location":"RNA","refUnit":"kg"},"unit":{"@type":"Unit","@id":"20aadc24-a391-41cf-b340-3e4529f44bde","name":"kg"},"flowProperty":{"@type":"FlowProperty","@id":"93a60a56-a3c8-11da-a746-0800200b9a66","name":"Mass","category":"Technical flow properties","refUnit":"kg"},"defaultProvider":{"@type":"Process","@id":"8e3e47ea-ed49-329e-8931-29115917bc81","name":"Ethanol, denatured, corn dry mill","category":"31-33: Manufacturing/3251: Basic Chemical Manufacturing","processType":"UNIT_PROCESS","flowType":"PRODUCT_FLOW","location":"RNA"}},{"@type":"Exchange","isAvoidedProduct":false,"isInput":true,"amount":0.129,"internalId":3,"flow":{"@type":"Flow","@id":"2656bfd3-ed3c-3fb8-ab93-6597836a463b","name":"Ethanol, denatured, forest residues, thermochem","category":"Technosphere Flows/31-33: Manufacturing/3251: Basic Chemical Manufacturing","flowType":"PRODUCT_FLOW","location":"RNA","refUnit":"kg"},"unit":{"@type":"Unit","@id":"20aadc24-a391-41cf-b340-3e4529f44bde","name":"kg"},"flowProperty":{"@type":"FlowProperty","@id":"93a60a56-a3c8-11da-a746-0800200b9a66","name":"Mass","category":"Technical flow properties","refUnit":"kg"},"defaultProvider":{"@type":"Process","@id":"d9cadd89-4203-375a-903a-63197cd29c6a","name":"Ethanol, denatured, forest residues, thermochem","category":"31-33: Manufacturing/3251: Basic Chemical Manufacturing","processType":"UNIT_PROCESS","flowType":"PRODUCT_FLOW","location":"RNA"}},{"@type":"Exchange","isAvoidedProduct":false,"isInput":true,"amount":0.129,"internalId":2,"flow":{"@type":"Flow","@id":"4f541c34-ea5e-3580-a001-80ed28198120","name":"Ethanol, denatured, wheat straw, biochemical","category":"Technosphere Flows/31-33: Manufacturing/3251: Basic Chemical Manufacturing","flowType":"PRODUCT_FLOW","location":"RNA","refUnit":"kg"},"unit":{"@type":"Unit","@id":"20aadc24-a391-41cf-b340-3e4529f44bde","name":"kg"},"flowProperty":{"@type":"FlowProperty","@id":"93a60a56-a3c8-11da-a746-0800200b9a66","name":"Mass","category":"Technical flow properties","refUnit":"kg"},"defaultProvider":{"@type":"Process","@id":"7aa8e2ff-0e2f-3e6c-b168-ec5168b4be6a","name":"Ethanol, denatured, wheat straw, biochemical","category":"31-33: Manufacturing/3251: Basic Chemical Manufacturing","processType":"UNIT_PROCESS","flowType":"PRODUCT_FLOW","location":"RNA"}}],"socialAspects":[],"allocationFactors":[]}