{"@type":"Process","@id":"1e2429d8-8d91-328f-85c3-18d39bdebfa7","name":"Transport, ocean freighter, average fuel mix","description":"This cradle-to-gate unit process is for the transport of 1 tonne of freight 1 kilometer via an ocean freighter. This dataset represents an average ocean freighter fuel mix of 80% residual fuel oil and 20% diesel.\r\n","category":"48-49: Transportation and Warehousing/4831: Deep Sea, Coastal, and Great Lakes Water Transportation","version":"00.00.006","lastChange":"2024-06-28T04:53:17.248Z","processType":"UNIT_PROCESS","defaultAllocationMethod":"NO_ALLOCATION","isInfrastructureProcess":false,"location":{"@type":"Location","@id":"56bca136-90bb-3a77-9abb-7ce558af711e","name":"Global"},"processDocumentation":{"validFrom":"2023-01-01","validUntil":"2023-12-31","timeDescription":"This unit process is representative of a fuel mix from a 2023 report.","geographyDescription":"This process is representative of a global ocean freighter fuel mix.","technologyDescription":"Residual fuel oil is the most commonly used fuel for cargo ships, making up 80% of fuel use. Diesel and other fuel sources account for the remaining 20% of cargo ships fuel consumption. This model only considers diesel and residual fuel oil.","inventoryMethodDescription":"Cradle-to-gate","modelingConstantsDescription":"The percentage split in this process is from an industry website.","completenessDescription":"TREATMENT OF MISSING ENVIRONMENTAL DATA: N/A\r\n\r\nTREATMENT OF MISSING TECHNOSPHERE DATA: N/A\r\n\r\nMASS BALANCE: Complete","dataSelectionDescription":"This dataset was sourced from the Maritime Page website which is a shipping industry resource.\r\n","dataTreatmentDescription":"The data source provided a fuel split of 80% for residual fuel oil and the remaining 20% is made up of multiple fuels, this model assumes that the entirety of the 20% consists of diesel fuel.\r\n","samplingDescription":"BOUNDARY CONDITIONS: N/A\r\n\r\nDATA COLLECTION: Data was collected from Maritime Page\r\n\r\nUNCERTAINTY ESTIMATION: N/A","dataCollectionDescription":"The data collected is from a 2023 article.","sources":[{"@type":"Source","@id":"a3405d00-633d-4e93-8553-854f260bfff4","name":"Maritime Page"}],"intendedApplication":"The intended application for this process is for accounting purposes as described in Goal Situation C1 from the ILCD Handbook\u0027s Detailed Guidance. LCA studies with this intended application offer \"purely descriptive documentation of the system under analysis (e.g., a product, sector or country), without being interested in any potential consequences on other parts of the economy.” The studies categorized under Goal Situation C1 do consider existing benefits outside the analyzed system such as recycling. These data are an update to a previously published dataset.","projectDescription":"USLCI curator updates\r\n","dataGenerator":{"@type":"Actor","@id":"38e67478-a915-43d9-ad67-e25db79a4acc","name":"Franklin Associates, A Division of ERG","category":"Organisations"},"dataDocumentor":{"@type":"Actor","@id":"38e67478-a915-43d9-ad67-e25db79a4acc","name":"Franklin Associates, A Division of ERG","category":"Organisations"},"creationDate":"2015-09-11T18:30:12.007Z","publication":{"@type":"Source","@id":"a3405d00-633d-4e93-8553-854f260bfff4","name":"Maritime Page"},"dataSetOwner":{"@type":"Actor","@id":"38e67478-a915-43d9-ad67-e25db79a4acc","name":"Franklin Associates, A Division of ERG","category":"Organisations"},"isCopyrightProtected":false,"restrictionsDescription":"These U.S. LCI Database Project data (\"Data\") are provided by the National Renewable Energy Laboratory (\"NREL\"), operated by the Alliance for Sustainable Energy, LLC (\"Alliance\") for the US Department of Energy (\"DOE\") under Contract No. DE-AC36-08GO28308. The United States Government (the \"Government\") retains and the user acknowledges that the Government retains a non-exclusive, paid-up, irrevocable, worldwide license to publish or reproduce the published form of these data, or allow others to do so, for Government purposes.\r\n\r\nAccess to and use of these Data shall impose the following obligations on the user, as set forth in this Agreement. The user is granted the right, without any fee or cost, to use, copy, modify, alter, enhance and distribute these Data for any purpose whatsoever, provided that this entire notice appears in all copies of the Data. Any modification, alteration or enhancement of these data shall be identified and documented by the user. Further, the user agrees to credit the DOE/NREL/Alliance in any publication that results from the use of these Data. The names DOE/NREL/Alliance, however, may not be used in any advertising or publicity to endorse or promote any products or commercial entities unless specific written permission is obtained from DOE/NREL/Alliance. The user also understands that DOE/NREL/Alliance is not obligated to provide the user with any support, consulting, training or assistance of any kind with regard to the use of these Data or to provide the user with any updates, revisions or new versions of these Data.\r\n\r\nYOU AGREE TO INDEMNIFY THE GOVERNMENT AND DOE/NREL/ALLIANCE, AND ITS SUBSIDIARIES, AFFILIATES, OFFICERS, AGENTS, AND EMPLOYEES AGAINST ANY CLAIM OR DEMAND, INCLUDING REASONABLE ATTORNEYS\u0027 FEES, RELATED TO YOUR USE OF THESE DATA. THESE DATA ARE PROVIDED BY DOE/NREL/ALLIANCE \"AS IS\" AND ANY EXPRESS OR IMPLIED WARRANTIES, INCLUDING BUT NOT LIMITED TO, THE IMPLIED WARRANTIES OF MERCHANTABILITY AND FITNESS FOR A PARTICULAR PURPOSE ARE DISCLAIMED. IN NO EVENT SHALL THE GOVERNMENT OR DOE/NREL/ALLIANCE BE LIABLE FOR ANY SPECIAL, INDIRECT OR CONSEQUENTIAL DAMAGES OR ANY DAMAGES WHATSOEVER, INCLUDING BUT NOT LIMITED TO CLAIMS ASSOCIATED WITH THE LOSS OF DATA OR PROFITS, WHICH MAY RESULT FROM AN ACTION IN CONTRACT, NEGLIGENCE OR OTHER TORTIOUS CLAIM THAT ARISES OUT OF OR IN CONNECTION WITH THE ACCESS, USE OR PERFORMANCE OF THESE DATA."},"lastInternalId":3,"dqSystem":{"@type":"DQSystem","@id":"70bf370f-9912-4ec1-baa3-fbd4eaf85a10","name":"US EPA - Process Pedigree Matrix"},"dqEntry":"(4;5)","parameters":[],"exchanges":[{"@type":"Exchange","isAvoidedProduct":false,"isInput":false,"amount":1.0,"internalId":1,"flow":{"@type":"Flow","@id":"0e63d1db-e383-3c9a-b02a-b5eebafe87d1","name":"Transport, ocean freighter, average fuel mix","category":"Technosphere Flows/48-49: Transportation and Warehousing/4831: Deep Sea, Coastal, and Great Lakes Water Transportation","flowType":"PRODUCT_FLOW","location":"RNA","refUnit":"t*km"},"unit":{"@type":"Unit","@id":"0dea4ed8-bb6b-4049-b2b4-b2c413ef2180","name":"t*km"},"flowProperty":{"@type":"FlowProperty","@id":"838aaa20-0117-11db-92e3-0800200c9a66","name":"Goods transport (mass*distance)","category":"Technical flow properties","refUnit":"t*km"},"isQuantitativeReference":true},{"@type":"Exchange","isAvoidedProduct":false,"isInput":true,"amount":0.8,"internalId":3,"flow":{"@type":"Flow","@id":"735f1d86-f99a-3ffa-adae-176c545744ab","name":"Transport, ocean freighter, residual fuel oil powered","category":"Technosphere Flows/48-49: Transportation and Warehousing/4831: Deep Sea, Coastal, and Great Lakes Water Transportation","flowType":"PRODUCT_FLOW","location":"US","refUnit":"t*km"},"unit":{"@type":"Unit","@id":"0dea4ed8-bb6b-4049-b2b4-b2c413ef2180","name":"t*km"},"flowProperty":{"@type":"FlowProperty","@id":"838aaa20-0117-11db-92e3-0800200c9a66","name":"Goods transport (mass*distance)","category":"Technical flow properties","refUnit":"t*km"},"defaultProvider":{"@type":"Process","@id":"f85fcdde-6c6b-3bbb-8efc-de6cb34c9ac7","name":"Transport, ocean freighter, residual fuel oil powered","category":"48-49: Transportation and Warehousing/4831: Deep Sea, Coastal, and Great Lakes Water Transportation","processType":"UNIT_PROCESS","flowType":"PRODUCT_FLOW","location":"GLO"}},{"@type":"Exchange","isAvoidedProduct":false,"isInput":true,"amount":0.2,"internalId":2,"flow":{"@type":"Flow","@id":"6c65fc34-c25e-3eb4-bc92-15bbfc457725","name":"Transport, ocean freighter, diesel powered","category":"Technosphere Flows/48-49: Transportation and Warehousing/4831: Deep Sea, Coastal, and Great Lakes Water Transportation","flowType":"PRODUCT_FLOW","location":"US","refUnit":"t*km"},"unit":{"@type":"Unit","@id":"0dea4ed8-bb6b-4049-b2b4-b2c413ef2180","name":"t*km"},"flowProperty":{"@type":"FlowProperty","@id":"838aaa20-0117-11db-92e3-0800200c9a66","name":"Goods transport (mass*distance)","category":"Technical flow properties","refUnit":"t*km"},"defaultProvider":{"@type":"Process","@id":"da0f5501-f4ab-32d1-80b7-b70d143608f6","name":"Transport, ocean freighter, diesel powered","category":"48-49: Transportation and Warehousing/4831: Deep Sea, Coastal, and Great Lakes Water Transportation","processType":"UNIT_PROCESS","flowType":"PRODUCT_FLOW","location":"GLO"}}],"socialAspects":[],"allocationFactors":[]}