{"@type":"Process","@id":"3dd59224-ecba-3fb1-a2c9-9c01947b08b1","name":"Enzyme, Cellulase, Novozyme Celluclast","description":"based on Figure B. Values recieved from Novozyme. Inventory in terms of equivalents.","category":"31-33: Manufacturing/3251: Basic Chemical Manufacturing","version":"00.00.004","lastChange":"2023-03-31T19:04:04.608Z","processType":"UNIT_PROCESS","defaultAllocationMethod":"NO_ALLOCATION","isInfrastructureProcess":false,"location":{"@type":"Location","@id":"d66c264e-1dbd-33e6-911d-3ffc70908e8e","name":"Europe"},"processDocumentation":{"validFrom":"2003-12-31","validUntil":"2003-12-31","timeDescription":"2004","geographyDescription":"Unspecified","technologyDescription":"current","sources":[{"@type":"Source","@id":"3ba73183-b2f8-3559-93b7-2005d61fa04e","name":"P.H. Nielsen "},{"@type":"Source","@id":"a1d1d73e-7d93-3a6b-a3bc-3b2f4f025b86","name":"Hsu, D. "}],"dataGenerator":{"@type":"Actor","@id":"04ed125f-ffa7-33b1-af24-77f5bdb21a05","name":"Daniel Inman","category":"Persons"},"dataDocumentor":{"@type":"Actor","@id":"04ed125f-ffa7-33b1-af24-77f5bdb21a05","name":"Daniel Inman","category":"Persons"},"creationDate":"2013-10-28T23:34:18Z","publication":{"@type":"Source","@id":"3ba73183-b2f8-3559-93b7-2005d61fa04e","name":"P.H. Nielsen "},"isCopyrightProtected":false,"restrictionsDescription":"All information can be accessed by everybody."},"lastInternalId":9,"parameters":[],"exchanges":[{"@type":"Exchange","isAvoidedProduct":false,"isInput":false,"amount":1.0,"internalId":1,"flow":{"@type":"Flow","@id":"644ee222-fe19-3f61-a4ed-5258d34ff2eb","name":"Enzyme, Cellulase, Novozyme Celluclast","category":"Technosphere Flows/31-33: Manufacturing/3251: Basic Chemical Manufacturing","flowType":"PRODUCT_FLOW","location":"RER","refUnit":"kg"},"unit":{"@type":"Unit","@id":"20aadc24-a391-41cf-b340-3e4529f44bde","name":"kg"},"flowProperty":{"@type":"FlowProperty","@id":"93a60a56-a3c8-11da-a746-0800200b9a66","name":"Mass","category":"Technical flow properties","refUnit":"kg"},"isQuantitativeReference":true},{"@type":"Exchange","isAvoidedProduct":false,"isInput":true,"amount":0.72264,"internalId":8,"flow":{"@type":"Flow","@id":"2c126bcc-bb63-4d63-bd72-f02a1e616809","name":"Transformation, from pasture and meadow","category":"Ecosystem Services","flowType":"PRODUCT_FLOW","refUnit":"m2"},"unit":{"@type":"Unit","@id":"3ce61faa-5716-41c1-aef6-b5920054acc9","name":"m2"},"flowProperty":{"@type":"FlowProperty","@id":"93a60a56-a3c8-19da-a746-0800200c9a66","name":"Area","category":"Technical flow properties","refUnit":"m2"}},{"@type":"Exchange","isAvoidedProduct":false,"isInput":true,"amount":20.852,"internalId":6,"flow":{"@type":"Flow","@id":"01ec7937-eea7-3830-aaf6-3be74f4d952b","name":"Water","category":"Elementary flows/resource/water/subterranean","flowType":"ELEMENTARY_FLOW","refUnit":"kg"},"unit":{"@type":"Unit","@id":"20aadc24-a391-41cf-b340-3e4529f44bde","name":"kg"},"flowProperty":{"@type":"FlowProperty","@id":"93a60a56-a3c8-11da-a746-0800200b9a66","name":"Mass","category":"Technical flow properties","refUnit":"kg"}},{"@type":"Exchange","isAvoidedProduct":false,"isInput":false,"amount":0.0020044,"description":"This is C2H4 eq.","internalId":3,"flow":{"@type":"Flow","@id":"3378c02d-6828-36dc-a9fe-9948b59a8bd6","name":"Ethylene","category":"Elementary flows/emission/air","flowType":"ELEMENTARY_FLOW","refUnit":"kg"},"unit":{"@type":"Unit","@id":"20aadc24-a391-41cf-b340-3e4529f44bde","name":"kg"},"flowProperty":{"@type":"FlowProperty","@id":"93a60a56-a3c8-11da-a746-0800200b9a66","name":"Mass","category":"Technical flow properties","refUnit":"kg"}},{"@type":"Exchange","isAvoidedProduct":false,"isInput":false,"amount":4.0894,"description":"this is CO2 eq.","internalId":4,"flow":{"@type":"Flow","@id":"b6f010fb-a764-3063-af2d-bcb8309a97b7","name":"Carbon dioxide","category":"Elementary flows/emission/air","flowType":"ELEMENTARY_FLOW","refUnit":"kg"},"unit":{"@type":"Unit","@id":"20aadc24-a391-41cf-b340-3e4529f44bde","name":"kg"},"flowProperty":{"@type":"FlowProperty","@id":"93a60a56-a3c8-11da-a746-0800200b9a66","name":"Mass","category":"Technical flow properties","refUnit":"kg"}},{"@type":"Exchange","isAvoidedProduct":false,"isInput":false,"amount":0.015277,"description":"this is SO2 eq.","internalId":2,"flow":{"@type":"Flow","@id":"f4973035-59f5-3bdc-b257-b274dcc04e0f","name":"Sulfur dioxide","category":"Elementary flows/emission/air","flowType":"ELEMENTARY_FLOW","refUnit":"kg"},"unit":{"@type":"Unit","@id":"20aadc24-a391-41cf-b340-3e4529f44bde","name":"kg"},"flowProperty":{"@type":"FlowProperty","@id":"93a60a56-a3c8-11da-a746-0800200b9a66","name":"Mass","category":"Technical flow properties","refUnit":"kg"}},{"@type":"Exchange","isAvoidedProduct":false,"isInput":true,"amount":0.72264,"internalId":9,"flow":{"@type":"Flow","@id":"0e6a0c9e-ced9-3e7e-8fbf-a8cf18791884","name":"Transformation, to industrial area","category":"Ecosystem Services","flowType":"PRODUCT_FLOW","refUnit":"m2"},"unit":{"@type":"Unit","@id":"3ce61faa-5716-41c1-aef6-b5920054acc9","name":"m2"},"flowProperty":{"@type":"FlowProperty","@id":"93a60a56-a3c8-19da-a746-0800200c9a66","name":"Area","category":"Technical flow properties","refUnit":"m2"}},{"@type":"Exchange","isAvoidedProduct":false,"isInput":false,"amount":0.0093655,"description":"this is phosphate equiv.","internalId":7,"flow":{"@type":"Flow","@id":"a068de64-a23b-3f9b-859b-f0e31614fe56","name":"Orthophosphate","category":"Elementary flows/emission/ground","flowType":"ELEMENTARY_FLOW","refUnit":"kg"},"unit":{"@type":"Unit","@id":"20aadc24-a391-41cf-b340-3e4529f44bde","name":"kg"},"flowProperty":{"@type":"FlowProperty","@id":"93a60a56-a3c8-11da-a746-0800200b9a66","name":"Mass","category":"Technical flow properties","refUnit":"kg"}},{"@type":"Exchange","isAvoidedProduct":false,"isInput":true,"amount":52.076,"description":"Data is fossil energy. Assumed it was all coal. This number does not affect the GHG emissions. This number is just for energy.","internalId":5,"flow":{"@type":"Flow","@id":"2da3e17c-4c2d-31e8-9b7d-964051d8a4d3","name":"Coal","category":"Elementary flows/resource/ground/subterranean","flowType":"ELEMENTARY_FLOW","refUnit":"MJ"},"unit":{"@type":"Unit","@id":"52765a6c-3896-43c2-b2f4-c679acf13efe","name":"MJ"},"flowProperty":{"@type":"FlowProperty","@id":"f6811440-ee37-11de-8a39-0800200c9a66","name":"Energy","category":"Technical flow properties","refUnit":"MJ"}}],"socialAspects":[],"allocationFactors":[]}