{"@type":"Process","@id":"8e3e47ea-ed49-329e-8931-29115917bc81","name":"Ethanol, denatured, corn dry mill","category":"31-33: Manufacturing/3251: Basic Chemical Manufacturing","version":"00.00.012","lastChange":"2024-12-18T22:41:57.536Z","processType":"UNIT_PROCESS","defaultAllocationMethod":"ECONOMIC_ALLOCATION","isInfrastructureProcess":false,"location":{"@type":"Location","@id":"b320e7db-c758-3ba6-8839-81eb83c9d7d7","name":"Northern America"},"processDocumentation":{"validFrom":"2007-12-31","validUntil":"2099-12-31","timeDescription":"2008","geographyDescription":"North America","technologyDescription":"modern","sources":[{"@type":"Source","@id":"a1d1d73e-7d93-3a6b-a3bc-3b2f4f025b86","name":"Hsu, D. "}],"dataGenerator":{"@type":"Actor","@id":"04ed125f-ffa7-33b1-af24-77f5bdb21a05","name":"Daniel Inman","category":"Persons"},"dataDocumentor":{"@type":"Actor","@id":"04ed125f-ffa7-33b1-af24-77f5bdb21a05","name":"Daniel Inman","category":"Persons"},"creationDate":"2015-08-20T19:31:23.335Z","publication":{"@type":"Source","@id":"a1d1d73e-7d93-3a6b-a3bc-3b2f4f025b86","name":"Hsu, D. "},"isCopyrightProtected":false,"restrictionsDescription":"All information can be accessed by everybody."},"lastInternalId":34,"parameters":[],"exchanges":[{"@type":"Exchange","isAvoidedProduct":false,"isInput":false,"amount":14900.0,"internalId":2,"flow":{"@type":"Flow","@id":"f4364ab6-cb8c-3b5c-a9d7-dfe57ac7bceb","name":"Ethanol, denatured, corn dry mill","category":"Technosphere Flows/31-33: Manufacturing/3251: Basic Chemical Manufacturing","flowType":"PRODUCT_FLOW","location":"RNA","refUnit":"kg"},"unit":{"@type":"Unit","@id":"20aadc24-a391-41cf-b340-3e4529f44bde","name":"kg"},"flowProperty":{"@type":"FlowProperty","@id":"93a60a56-a3c8-11da-a746-0800200b9a66","name":"Mass","category":"Technical flow properties","refUnit":"kg"},"isQuantitativeReference":true},{"@type":"Exchange","isAvoidedProduct":false,"isInput":true,"amount":231.0,"description":"Assumed for used caustic from CIP. proxy:  sodium hydroxide, 50% in H2O, production mix, at plant","internalId":23,"flow":{"@type":"Flow","@id":"d12c4a32-12a8-4673-9b14-5d227d2a128e","name":"Sodium hydroxide; chlor-alkali average, membrane cell; at plant; 50% solution state","category":"Technosphere Flows/31-33: Manufacturing/3251: Basic Chemical Manufacturing","flowType":"PRODUCT_FLOW","refUnit":"kg"},"unit":{"@type":"Unit","@id":"20aadc24-a391-41cf-b340-3e4529f44bde","name":"kg"},"flowProperty":{"@type":"FlowProperty","@id":"93a60a56-a3c8-11da-a746-0800200b9a66","name":"Mass","category":"Technical flow properties","refUnit":"kg"},"defaultProvider":{"@type":"Process","@id":"344a7ac0-8c18-4869-bb63-3e44e811a1d9","name":"Sodium hydroxide; chlor-alkali average, membrane cell; at plant; 50% solution state","category":"31-33: Manufacturing/3251: Basic Chemical Manufacturing","processType":"UNIT_PROCESS","flowType":"PRODUCT_FLOW","location":"RNA"}},{"@type":"Exchange","isAvoidedProduct":false,"isInput":true,"amount":0.1,"description":"wastewater treatment","internalId":14,"flow":{"@type":"Flow","@id":"b70528a4-85c8-3da6-9e86-d6399c94a9b8","name":"Treatment,maize starch production effluent,to wastewater treatment,class2","category":"Technosphere Flows/CUTOFF Flows","flowType":"PRODUCT_FLOW","refUnit":"m3"},"unit":{"@type":"Unit","@id":"1c3a9695-398d-4b1f-b07e-a8715b610f70","name":"m3"},"flowProperty":{"@type":"FlowProperty","@id":"93a60a56-a3c8-22da-a746-0800200c9a66","name":"Volume","category":"Technical flow properties","refUnit":"m3"}},{"@type":"Exchange","isAvoidedProduct":false,"isInput":false,"amount":-50.6,"description":"Reduced CH4 emissions from animals because of use of DDGS feed. Avoided methane because of the production of DDGS","internalId":5,"flow":{"@type":"Flow","@id":"aab83476-ec6c-3742-af85-15d320b7ce80","name":"Methane","category":"Elementary flows/emission/air","flowType":"ELEMENTARY_FLOW","refUnit":"kg"},"unit":{"@type":"Unit","@id":"20aadc24-a391-41cf-b340-3e4529f44bde","name":"kg"},"flowProperty":{"@type":"FlowProperty","@id":"93a60a56-a3c8-11da-a746-0800200b9a66","name":"Mass","category":"Technical flow properties","refUnit":"kg"}},{"@type":"Exchange","isAvoidedProduct":false,"isInput":true,"amount":19600.0,"description":"process/makeup water. calculated based on regression fit from several Aspen runs.","internalId":25,"flow":{"@type":"Flow","@id":"01ec7937-eea7-3830-aaf6-3be74f4d952b","name":"Water","category":"Elementary flows/resource/water/subterranean","flowType":"ELEMENTARY_FLOW","refUnit":"kg"},"unit":{"@type":"Unit","@id":"20aadc24-a391-41cf-b340-3e4529f44bde","name":"kg"},"flowProperty":{"@type":"FlowProperty","@id":"93a60a56-a3c8-11da-a746-0800200b9a66","name":"Mass","category":"Technical flow properties","refUnit":"kg"}},{"@type":"Exchange","isAvoidedProduct":false,"isInput":true,"amount":7.19E-6,"description":"plant lifetime is 20 years. only need 1 hr. 90000 Mtons of ethanol is about 31 Mgal/yr in the econinvent process. Assume equipment scales by a power law.","internalId":31,"flow":{"@type":"Flow","@id":"ef92f640-ee9a-3199-8961-1decb41e875e","name":"Ethanol fermentation plant","category":"Technosphere Flows/CUTOFF Flows","flowType":"PRODUCT_FLOW","refUnit":"Item(s)"},"unit":{"@type":"Unit","@id":"6dabe201-aaac-4509-92f0-d00c26cb72ab","name":"Item(s)"},"flowProperty":{"@type":"FlowProperty","@id":"01846770-4cfe-4a25-8ad9-919d8d378345","name":"Number of items","category":"Technical flow properties","refUnit":"Item(s)"}},{"@type":"Exchange","isAvoidedProduct":false,"isInput":true,"amount":1830.0,"description":"steam losses. calculated based on regression fit from several Aspen runs.","internalId":18,"flow":{"@type":"Flow","@id":"01ec7937-eea7-3830-aaf6-3be74f4d952b","name":"Water","category":"Elementary flows/resource/water/subterranean","flowType":"ELEMENTARY_FLOW","refUnit":"kg"},"unit":{"@type":"Unit","@id":"20aadc24-a391-41cf-b340-3e4529f44bde","name":"kg"},"flowProperty":{"@type":"FlowProperty","@id":"93a60a56-a3c8-11da-a746-0800200b9a66","name":"Mass","category":"Technical flow properties","refUnit":"kg"}},{"@type":"Exchange","isAvoidedProduct":false,"isInput":true,"amount":4550.0,"description":"no CO2 sequestration.  Proxy: Soybean meal, at oil mill/US U","internalId":7,"flow":{"@type":"Flow","@id":"263fb8d0-8df5-3cee-834b-b7e2de1dac4a","name":"Soy meal, at plant","category":"Technosphere Flows/31-33: Manufacturing/3112: Grain and Oilseed Milling","flowType":"PRODUCT_FLOW","location":"RNA","refUnit":"kg"},"unit":{"@type":"Unit","@id":"20aadc24-a391-41cf-b340-3e4529f44bde","name":"kg"},"flowProperty":{"@type":"FlowProperty","@id":"93a60a56-a3c8-11da-a746-0800200b9a66","name":"Mass","category":"Technical flow properties","refUnit":"kg"},"defaultProvider":{"@type":"Process","@id":"88aee762-4aa0-301f-b579-cca5d636aa0d","name":"Soybean oil, crude, degummed, at plant","category":"31-33: Manufacturing/3112: Grain and Oilseed Milling","processType":"UNIT_PROCESS","flowType":"PRODUCT_FLOW","location":"RNA"}},{"@type":"Exchange","isAvoidedProduct":false,"isInput":true,"amount":266.0,"description":"About a 0.6% impurity content in product stream (water, CO2, alcohols)","internalId":19,"flow":{"@type":"Flow","@id":"0e44e579-abb0-3c77-af64-c774d65be529","name":"Gasoline, at refinery","category":"Technosphere Flows/31-33: Manufacturing/3241: Petroleum and Coal Products Manufacturing","flowType":"PRODUCT_FLOW","refUnit":"m3"},"unit":{"@type":"Unit","@id":"b80a512e-e402-4363-8ad0-7d02dcf4a459","name":"l"},"flowProperty":{"@type":"FlowProperty","@id":"93a60a56-a3c8-22da-a746-0800200c9a66","name":"Volume","category":"Technical flow properties","refUnit":"m3"},"defaultProvider":{"@type":"Process","@id":"0aaf1e13-5d80-37f9-b7bb-81a6b8965c71","name":"Petroleum refining, at refinery","category":"31-33: Manufacturing/3241: Petroleum and Coal Products Manufacturing","processType":"UNIT_PROCESS","flowType":"PRODUCT_FLOW","location":"US"}},{"@type":"Exchange","isAvoidedProduct":false,"isInput":true,"amount":46400.0,"amountFormula":"46.4*1000","internalId":8,"flow":{"@type":"Flow","@id":"2766f5e7-9d42-36cb-8a03-11aa4f7ecd3a","name":"Corn grain, at conversion plant","category":"Technosphere Flows/48-49: Transportation and Warehousing/4842: Specialized Freight Trucking","flowType":"PRODUCT_FLOW","location":"RNA","refUnit":"kg"},"unit":{"@type":"Unit","@id":"20aadc24-a391-41cf-b340-3e4529f44bde","name":"kg"},"flowProperty":{"@type":"FlowProperty","@id":"93a60a56-a3c8-11da-a746-0800200b9a66","name":"Mass","category":"Technical flow properties","refUnit":"kg"},"defaultProvider":{"@type":"Process","@id":"9109d57c-8234-3569-a2e6-0e4671b524d9","name":"Corn grain, at conversion plant, 2022","category":"48-49: Transportation and Warehousing/4842: Specialized Freight Trucking","processType":"UNIT_PROCESS","flowType":"PRODUCT_FLOW","location":"RNA"}},{"@type":"Exchange","isAvoidedProduct":false,"isInput":false,"amount":62300.0,"description":"cooling tower water lost to air. calculated based on regression fit from several Aspen runs.\r\n","internalId":1,"flow":{"@type":"Flow","@id":"e430eaa1-80c8-376d-a3bf-816c9a741807","name":"Water","category":"Elementary flows/emission/air","flowType":"ELEMENTARY_FLOW","refUnit":"kg"},"unit":{"@type":"Unit","@id":"20aadc24-a391-41cf-b340-3e4529f44bde","name":"kg"},"flowProperty":{"@type":"FlowProperty","@id":"93a60a56-a3c8-11da-a746-0800200b9a66","name":"Mass","category":"Technical flow properties","refUnit":"kg"}},{"@type":"Exchange","isAvoidedProduct":false,"isInput":false,"amount":22000.0,"description":"calculated by difference for biogenic carbon. contribution from DDGS \u003d CO2 in corn - CO2 out in conversion plan - CO2 in fuel","internalId":32,"flow":{"@type":"Flow","@id":"b6f010fb-a764-3063-af2d-bcb8309a97b7","name":"Carbon dioxide","category":"Elementary flows/emission/air","flowType":"ELEMENTARY_FLOW","refUnit":"kg"},"unit":{"@type":"Unit","@id":"20aadc24-a391-41cf-b340-3e4529f44bde","name":"kg"},"flowProperty":{"@type":"FlowProperty","@id":"93a60a56-a3c8-11da-a746-0800200b9a66","name":"Mass","category":"Technical flow properties","refUnit":"kg"}},{"@type":"Exchange","isAvoidedProduct":false,"isInput":true,"amount":299000.0,"description":"from DDGS","internalId":26,"flow":{"@type":"Flow","@id":"f670bb2d-c28a-3a08-9b9c-cc50bca5d126","name":"Energy, output","category":"Technosphere Flows/CUTOFF Flows","flowType":"PRODUCT_FLOW","refUnit":"MJ"},"unit":{"@type":"Unit","@id":"52765a6c-3896-43c2-b2f4-c679acf13efe","name":"MJ"},"flowProperty":{"@type":"FlowProperty","@id":"f6811440-ee37-11de-8a39-0800200c9a66","name":"Energy","category":"Technical flow properties","refUnit":"MJ"}},{"@type":"Exchange","isAvoidedProduct":false,"isInput":false,"amount":15000.0,"internalId":6,"flow":{"@type":"Flow","@id":"0a61808a-df04-3ec0-8c2b-93d4f5cf9fbf","name":"Distillers dried grains with solubles","category":"Technosphere Flows/CUTOFF Flows","flowType":"PRODUCT_FLOW","location":"RNA","refUnit":"kg"},"unit":{"@type":"Unit","@id":"20aadc24-a391-41cf-b340-3e4529f44bde","name":"kg"},"flowProperty":{"@type":"FlowProperty","@id":"93a60a56-a3c8-11da-a746-0800200b9a66","name":"Mass","category":"Technical flow properties","refUnit":"kg"}},{"@type":"Exchange","isAvoidedProduct":false,"isInput":true,"amount":219.0,"description":"Integrated Biogas Energy System. Natural gas makes up balance of energy. From Mueller (2007). Multiplied by efficiency of 0.9 used in Ecoinvent.","internalId":33,"flow":{"@type":"Flow","@id":"ea8515c5-e3d4-4f42-a856-67a9b85b30a0","name":"Natural gas, combusted in industrial boiler","category":"Technosphere Flows/22: Utilities/2213: Water, Sewage and Other Systems","flowType":"PRODUCT_FLOW","location":"RNA","refUnit":"m3"},"unit":{"@type":"Unit","@id":"1c3a9695-398d-4b1f-b07e-a8715b610f70","name":"m3"},"flowProperty":{"@type":"FlowProperty","@id":"93a60a56-a3c8-22da-a746-0800200c9a66","name":"Volume","category":"Technical flow properties","refUnit":"m3"},"defaultProvider":{"@type":"Process","@id":"f347daea-82be-4e62-8872-a0dc0ca24ca3","name":"Natural gas, combusted in industrial boiler","category":"22: Utilities/2213: Water, Sewage and Other Systems","processType":"UNIT_PROCESS","flowType":"PRODUCT_FLOW","location":"RNA"}},{"@type":"Exchange","isAvoidedProduct":false,"isInput":true,"amount":14.89,"internalId":28,"flow":{"@type":"Flow","@id":"d6bfc1d8-069b-3604-9685-9ed45c6dfce4","name":"Corn wet milling, operations, AP-42","category":"Technosphere Flows/31-33: Manufacturing/3112: Grain and Oilseed Milling","flowType":"PRODUCT_FLOW","location":"RNA","refUnit":"kg"},"unit":{"@type":"Unit","@id":"20aadc24-a391-41cf-b340-3e4529f44bde","name":"kg"},"flowProperty":{"@type":"FlowProperty","@id":"93a60a56-a3c8-11da-a746-0800200b9a66","name":"Mass","category":"Technical flow properties","refUnit":"kg"},"defaultProvider":{"@type":"Process","@id":"c7fec37a-a023-3563-84d6-fa33a6b19f2f","name":"Corn wet milling, operations, AP-42","category":"31-33: Manufacturing/3112: Grain and Oilseed Milling","processType":"UNIT_PROCESS","flowType":"PRODUCT_FLOW","location":"RNA"}},{"@type":"Exchange","isAvoidedProduct":false,"isInput":true,"amount":60.0,"description":"Assumed for yeast","internalId":15,"flow":{"@type":"Flow","@id":"382e1e84-36d0-31b8-88b4-5ceaf7c46106","name":"Yeast paste, from whey, at fermentation","category":"Technosphere Flows/CUTOFF Flows","flowType":"PRODUCT_FLOW","refUnit":"kg"},"unit":{"@type":"Unit","@id":"20aadc24-a391-41cf-b340-3e4529f44bde","name":"kg"},"flowProperty":{"@type":"FlowProperty","@id":"93a60a56-a3c8-11da-a746-0800200b9a66","name":"Mass","category":"Technical flow properties","refUnit":"kg"}},{"@type":"Exchange","isAvoidedProduct":false,"isInput":true,"amount":142.92000000000002,"description":"Integrated Biogas Energy System. From Mueller (2007).","internalId":16,"flow":{"@type":"Flow","@id":"3bca3bc6-2443-3184-8976-72dc98d258f6","name":"Electricity, AC, 120 V","category":"Technosphere Flows/22: Utilities/2211: Electric Power Generation, Transmission and Distribution","flowType":"PRODUCT_FLOW","refUnit":"MJ"},"unit":{"@type":"Unit","@id":"52765a6c-3896-43c2-b2f4-c679acf13efe","name":"MJ"},"flowProperty":{"@type":"FlowProperty","@id":"f6811440-ee37-11de-8a39-0800200c9a66","name":"Energy","category":"Technical flow properties","refUnit":"MJ"},"defaultProvider":{"@type":"Process","@id":"75d4be66-12a7-30b3-bc57-fa724c941b0e","name":"Electricity; at user; consumption mix - US - US","category":"22: Utilities/2211: Electric Power Generation, Transmission and Distribution","processType":"UNIT_PROCESS","flowType":"PRODUCT_FLOW"}},{"@type":"Exchange","isAvoidedProduct":false,"isInput":true,"amount":416.0,"description":"Coal CHP. From Mueller (2007). Multiplied by efficiency of 0.8 used in Ecoinvent.","internalId":29,"flow":{"@type":"Flow","@id":"eb6394c1-0d19-3be3-99ab-ec572dec9926","name":"Lignite coal, combusted in industrial boiler","category":"Technosphere Flows/22: Utilities/2213: Water, Sewage and Other Systems","flowType":"PRODUCT_FLOW","location":"RNA","refUnit":"kg"},"unit":{"@type":"Unit","@id":"20aadc24-a391-41cf-b340-3e4529f44bde","name":"kg"},"flowProperty":{"@type":"FlowProperty","@id":"93a60a56-a3c8-11da-a746-0800200b9a66","name":"Mass","category":"Technical flow properties","refUnit":"kg"},"defaultProvider":{"@type":"Process","@id":"1b0f75b8-e749-3eb2-8727-de6a22f60646","name":"Lignite coal, combusted in industrial boiler","category":"22: Utilities/2213: Water, Sewage and Other Systems","processType":"UNIT_PROCESS","flowType":"PRODUCT_FLOW","location":"RNA"}},{"@type":"Exchange","isAvoidedProduct":false,"isInput":true,"amount":92.0,"internalId":17,"flow":{"@type":"Flow","@id":"f867896e-830f-31f9-975d-465b212262ef","name":"Sulfuric acid, at plant","category":"Technosphere Flows/31-33: Manufacturing/3251: Basic Chemical Manufacturing","flowType":"PRODUCT_FLOW","location":"RNA","refUnit":"kg"},"unit":{"@type":"Unit","@id":"20aadc24-a391-41cf-b340-3e4529f44bde","name":"kg"},"flowProperty":{"@type":"FlowProperty","@id":"93a60a56-a3c8-11da-a746-0800200b9a66","name":"Mass","category":"Technical flow properties","refUnit":"kg"},"defaultProvider":{"@type":"Process","@id":"1b6afe73-a064-33a3-87b0-265ae10851e9","name":"Sulfuric acid, at plant","category":"31-33: Manufacturing/3251: Basic Chemical Manufacturing","processType":"UNIT_PROCESS","flowType":"PRODUCT_FLOW","location":"RNA"}},{"@type":"Exchange","isAvoidedProduct":false,"isInput":false,"amount":0.534,"description":"calculated based on regression fit from several Aspen runs.","internalId":9,"flow":{"@type":"Flow","@id":"f9e94137-4a27-3973-a4d2-0d8bdafd2ade","name":"Ethanol","category":"Elementary flows/emission/air","flowType":"ELEMENTARY_FLOW","refUnit":"kg"},"unit":{"@type":"Unit","@id":"20aadc24-a391-41cf-b340-3e4529f44bde","name":"kg"},"flowProperty":{"@type":"FlowProperty","@id":"93a60a56-a3c8-11da-a746-0800200b9a66","name":"Mass","category":"Technical flow properties","refUnit":"kg"}},{"@type":"Exchange","isAvoidedProduct":false,"isInput":true,"amount":7360.0,"amountFormula":"7.36*1000","description":"Assumed emissions for DDGS dryer. calculated based on regression fit from several Aspen runs.","internalId":12,"flow":{"@type":"Flow","@id":"28b025c1-5897-3e01-8aa2-166cd2c9f86d","name":"Corn wet mill, gluten drying, AP-42","category":"Technosphere Flows/31-33: Manufacturing/3112: Grain and Oilseed Milling","flowType":"PRODUCT_FLOW","location":"RNA","refUnit":"kg"},"unit":{"@type":"Unit","@id":"20aadc24-a391-41cf-b340-3e4529f44bde","name":"kg"},"flowProperty":{"@type":"FlowProperty","@id":"93a60a56-a3c8-11da-a746-0800200b9a66","name":"Mass","category":"Technical flow properties","refUnit":"kg"},"defaultProvider":{"@type":"Process","@id":"097d2f2c-d006-3b27-84de-98e6a364e411","name":"Corn wet mill, gluten drying, AP-42","category":"31-33: Manufacturing/3112: Grain and Oilseed Milling","processType":"UNIT_PROCESS","flowType":"PRODUCT_FLOW","location":"RNA"}},{"@type":"Exchange","isAvoidedProduct":false,"isInput":true,"amount":47.0,"internalId":11,"flow":{"@type":"Flow","@id":"d818c190-7b73-33b1-b0d4-9f4339e3b117","name":"Enzyme, Glucoamylase, Novozyme Spirizyme","category":"Technosphere Flows/31-33: Manufacturing/3251: Basic Chemical Manufacturing","flowType":"PRODUCT_FLOW","location":"RER","refUnit":"kg"},"unit":{"@type":"Unit","@id":"20aadc24-a391-41cf-b340-3e4529f44bde","name":"kg"},"flowProperty":{"@type":"FlowProperty","@id":"93a60a56-a3c8-11da-a746-0800200b9a66","name":"Mass","category":"Technical flow properties","refUnit":"kg"},"defaultProvider":{"@type":"Process","@id":"5a782377-d196-304c-baec-fea559a4dfe2","name":"Enzyme, Glucoamylase, Novozyme Spirizyme","category":"31-33: Manufacturing/3251: Basic Chemical Manufacturing","processType":"UNIT_PROCESS","flowType":"PRODUCT_FLOW","location":"RER"}},{"@type":"Exchange","isAvoidedProduct":false,"isInput":true,"amount":32.0,"internalId":21,"flow":{"@type":"Flow","@id":"00b5c8b4-682d-3000-a2df-246e333f6344","name":"Enzyme, Alpha-amylase, Novozyme Liquozyme","category":"Technosphere Flows/31-33: Manufacturing/3251: Basic Chemical Manufacturing","flowType":"PRODUCT_FLOW","location":"RER","refUnit":"kg"},"unit":{"@type":"Unit","@id":"20aadc24-a391-41cf-b340-3e4529f44bde","name":"kg"},"flowProperty":{"@type":"FlowProperty","@id":"93a60a56-a3c8-11da-a746-0800200b9a66","name":"Mass","category":"Technical flow properties","refUnit":"kg"},"defaultProvider":{"@type":"Process","@id":"391ccf45-4b61-37e9-a2f2-3e19afc0d4ef","name":"Enzyme, Alpha-amylase, Novozyme Liquozyme","category":"31-33: Manufacturing/3251: Basic Chemical Manufacturing","processType":"UNIT_PROCESS","flowType":"PRODUCT_FLOW","location":"RER"}},{"@type":"Exchange","isAvoidedProduct":false,"isInput":true,"amount":173.0,"description":"Proxy: Urea, as N, at regional storehouse/RER with US electricity U","internalId":22,"flow":{"@type":"Flow","@id":"45f1fd00-2093-3e05-9b41-e942b9e8cec9","name":"Nitrogen fertilizer, production mix, at plant","category":"Technosphere Flows/31-33: Manufacturing/3253: Pesticide, Fertilizer, and Other Agricultural Chemical Manufacturing","flowType":"PRODUCT_FLOW","location":"RNA","refUnit":"kg"},"unit":{"@type":"Unit","@id":"20aadc24-a391-41cf-b340-3e4529f44bde","name":"kg"},"flowProperty":{"@type":"FlowProperty","@id":"93a60a56-a3c8-11da-a746-0800200b9a66","name":"Mass","category":"Technical flow properties","refUnit":"kg"},"defaultProvider":{"@type":"Process","@id":"dacaeae9-aeed-3366-912d-6a31de09eef9","name":"Nitrogen fertilizer, production mix, at plant","category":"31-33: Manufacturing/3253: Pesticide, Fertilizer, and Other Agricultural Chemical Manufacturing","processType":"UNIT_PROCESS","flowType":"PRODUCT_FLOW","location":"RNA"}},{"@type":"Exchange","isAvoidedProduct":false,"isInput":true,"amount":55.0,"description":"proxy: lime, hydrated, packed, at plant","internalId":20,"flow":{"@type":"Flow","@id":"c34c4451-297f-3b5c-a15f-2c16cdb52ad9","name":"Quicklime, at plant","category":"Technosphere Flows/31-33: Manufacturing/3274: Lime and Gypsum Product Manufacturing","flowType":"PRODUCT_FLOW","location":"RNA","refUnit":"kg"},"unit":{"@type":"Unit","@id":"20aadc24-a391-41cf-b340-3e4529f44bde","name":"kg"},"flowProperty":{"@type":"FlowProperty","@id":"93a60a56-a3c8-11da-a746-0800200b9a66","name":"Mass","category":"Technical flow properties","refUnit":"kg"},"defaultProvider":{"@type":"Process","@id":"9c0c2415-126f-3162-8479-f002f315a8c7","name":"Quicklime, at plant","category":"31-33: Manufacturing/3274: Lime and Gypsum Product Manufacturing","processType":"UNIT_PROCESS","flowType":"PRODUCT_FLOW","location":"RNA"}},{"@type":"Exchange","isAvoidedProduct":false,"isInput":true,"amount":860.0,"description":"Biomass CHP. From Mueller (2007). Multiplied by efficiency of 0.85 used in Ecoinvent.","internalId":13,"flow":{"@type":"Flow","@id":"1a76ed77-b97d-3070-85b7-b1f41906cece","name":"Wood waste, unspecified, combusted in industrial boiler","category":"Technosphere Flows/22: Utilities/2213: Water, Sewage and Other Systems","flowType":"PRODUCT_FLOW","location":"RNA","refUnit":"kg"},"unit":{"@type":"Unit","@id":"20aadc24-a391-41cf-b340-3e4529f44bde","name":"kg"},"flowProperty":{"@type":"FlowProperty","@id":"93a60a56-a3c8-11da-a746-0800200b9a66","name":"Mass","category":"Technical flow properties","refUnit":"kg"},"defaultProvider":{"@type":"Process","@id":"3455f918-4a43-3b09-b06e-7402c12b8d45","name":"Wood waste, unspecified, combusted in industrial boiler","category":"22: Utilities/2213: Water, Sewage and Other Systems","processType":"UNIT_PROCESS","flowType":"PRODUCT_FLOW","location":"RNA"}},{"@type":"Exchange","isAvoidedProduct":false,"isInput":true,"amount":14200.0,"description":"no CO2 sequestration","internalId":30,"flow":{"@type":"Flow","@id":"510d2c9a-5542-30fb-b8e6-2d9460fe055c","name":"Corn grain, harvested and stored","category":"Technosphere Flows/11: Agriculture, Forestry, Fishing and Hunting/1151: Support Activities for Crop Production","flowType":"PRODUCT_FLOW","location":"RNA","refUnit":"kg"},"unit":{"@type":"Unit","@id":"20aadc24-a391-41cf-b340-3e4529f44bde","name":"kg"},"flowProperty":{"@type":"FlowProperty","@id":"93a60a56-a3c8-11da-a746-0800200b9a66","name":"Mass","category":"Technical flow properties","refUnit":"kg"},"defaultProvider":{"@type":"Process","@id":"8504caf4-bea5-3ab2-b8f9-d4861e819f92","name":"Corn grain, harvested and stored","category":"11: Agriculture, Forestry, Fishing and Hunting/1151: Support Activities for Crop Production","processType":"UNIT_PROCESS","flowType":"PRODUCT_FLOW","location":"RNA"}},{"@type":"Exchange","isAvoidedProduct":false,"isInput":true,"amount":62300.0,"description":"cooling tower water losses. calculated based on regression fit from several Aspen runs.","internalId":27,"flow":{"@type":"Flow","@id":"01ec7937-eea7-3830-aaf6-3be74f4d952b","name":"Water","category":"Elementary flows/resource/water/subterranean","flowType":"ELEMENTARY_FLOW","refUnit":"kg"},"unit":{"@type":"Unit","@id":"20aadc24-a391-41cf-b340-3e4529f44bde","name":"kg"},"flowProperty":{"@type":"FlowProperty","@id":"93a60a56-a3c8-11da-a746-0800200b9a66","name":"Mass","category":"Technical flow properties","refUnit":"kg"}},{"@type":"Exchange","isAvoidedProduct":false,"isInput":false,"amount":138.0,"description":"tramp metal and rocks","internalId":34,"flow":{"@type":"Flow","@id":"aa3f722d-d57d-44d4-89b2-e28f203a991c","name":"Disposal, inert waste, 5% water, to inert material landfill","category":"Technosphere Flows/CUTOFF Flows/CUTOFF Waste Flows","flowType":"WASTE_FLOW","refUnit":"kg"},"unit":{"@type":"Unit","@id":"20aadc24-a391-41cf-b340-3e4529f44bde","name":"kg"},"flowProperty":{"@type":"FlowProperty","@id":"93a60a56-a3c8-11da-a746-0800200b9a66","name":"Mass","category":"Technical flow properties","refUnit":"kg"}},{"@type":"Exchange","isAvoidedProduct":false,"isInput":true,"amount":12457.0,"description":"Integrated Biogas Energy System. From Mueller (2007).","internalId":4,"flow":{"@type":"Flow","@id":"39fa5db7-4bae-36f9-ae67-e2ccd67c318a","name":"Heat, at cogen with ignition biogas engine, allocation exergy","category":"Technosphere Flows/CUTOFF Flows","flowType":"PRODUCT_FLOW","refUnit":"MJ"},"unit":{"@type":"Unit","@id":"52765a6c-3896-43c2-b2f4-c679acf13efe","name":"MJ"},"flowProperty":{"@type":"FlowProperty","@id":"f6811440-ee37-11de-8a39-0800200c9a66","name":"Energy","category":"Technical flow properties","refUnit":"MJ"}}],"socialAspects":[],"allocationFactors":[{"allocationType":"CAUSAL_ALLOCATION","exchange":{"@type":"Exchange","internalId":17,"flow":{"@type":"Flow","@id":"f867896e-830f-31f9-975d-465b212262ef","name":"Sulfuric acid, at plant","category":"Technosphere Flows/31-33: Manufacturing/3251: Basic Chemical Manufacturing","flowType":"PRODUCT_FLOW","location":"RNA","refUnit":"kg"}},"product":{"@type":"Flow","@id":"f4364ab6-cb8c-3b5c-a9d7-dfe57ac7bceb","name":"Ethanol, denatured, corn dry mill","category":"Technosphere Flows/31-33: Manufacturing/3251: Basic Chemical Manufacturing","flowType":"PRODUCT_FLOW","location":"RNA","refUnit":"kg"},"value":1.0},{"allocationType":"CAUSAL_ALLOCATION","exchange":{"@type":"Exchange","internalId":2,"flow":{"@type":"Flow","@id":"f4364ab6-cb8c-3b5c-a9d7-dfe57ac7bceb","name":"Ethanol, denatured, corn dry mill","category":"Technosphere Flows/31-33: Manufacturing/3251: Basic Chemical Manufacturing","flowType":"PRODUCT_FLOW","location":"RNA","refUnit":"kg"}},"product":{"@type":"Flow","@id":"f4364ab6-cb8c-3b5c-a9d7-dfe57ac7bceb","name":"Ethanol, denatured, corn dry mill","category":"Technosphere Flows/31-33: Manufacturing/3251: Basic Chemical Manufacturing","flowType":"PRODUCT_FLOW","location":"RNA","refUnit":"kg"},"value":1.0},{"allocationType":"CAUSAL_ALLOCATION","exchange":{"@type":"Exchange","internalId":12,"flow":{"@type":"Flow","@id":"28b025c1-5897-3e01-8aa2-166cd2c9f86d","name":"Corn wet mill, gluten drying, AP-42","category":"Technosphere Flows/31-33: Manufacturing/3112: Grain and Oilseed Milling","flowType":"PRODUCT_FLOW","location":"RNA","refUnit":"kg"}},"product":{"@type":"Flow","@id":"0a61808a-df04-3ec0-8c2b-93d4f5cf9fbf","name":"Distillers dried grains with solubles","category":"Technosphere Flows/CUTOFF Flows","flowType":"PRODUCT_FLOW","location":"RNA","refUnit":"kg"},"value":0.0},{"allocationType":"CAUSAL_ALLOCATION","exchange":{"@type":"Exchange","internalId":34,"flow":{"@type":"Flow","@id":"aa3f722d-d57d-44d4-89b2-e28f203a991c","name":"Disposal, inert waste, 5% water, to inert material landfill","category":"Technosphere Flows/CUTOFF Flows/CUTOFF Waste Flows","flowType":"WASTE_FLOW","refUnit":"kg"}},"product":{"@type":"Flow","@id":"0a61808a-df04-3ec0-8c2b-93d4f5cf9fbf","name":"Distillers dried grains with solubles","category":"Technosphere Flows/CUTOFF Flows","flowType":"PRODUCT_FLOW","location":"RNA","refUnit":"kg"},"value":0.0},{"allocationType":"CAUSAL_ALLOCATION","exchange":{"@type":"Exchange","internalId":15,"flow":{"@type":"Flow","@id":"382e1e84-36d0-31b8-88b4-5ceaf7c46106","name":"Yeast paste, from whey, at fermentation","category":"Technosphere Flows/CUTOFF Flows","flowType":"PRODUCT_FLOW","refUnit":"kg"}},"product":{"@type":"Flow","@id":"0a61808a-df04-3ec0-8c2b-93d4f5cf9fbf","name":"Distillers dried grains with solubles","category":"Technosphere Flows/CUTOFF Flows","flowType":"PRODUCT_FLOW","location":"RNA","refUnit":"kg"},"value":0.0},{"allocationType":"CAUSAL_ALLOCATION","exchange":{"@type":"Exchange","internalId":2,"flow":{"@type":"Flow","@id":"f4364ab6-cb8c-3b5c-a9d7-dfe57ac7bceb","name":"Ethanol, denatured, corn dry mill","category":"Technosphere Flows/31-33: Manufacturing/3251: Basic Chemical Manufacturing","flowType":"PRODUCT_FLOW","location":"RNA","refUnit":"kg"}},"product":{"@type":"Flow","@id":"0a61808a-df04-3ec0-8c2b-93d4f5cf9fbf","name":"Distillers dried grains with solubles","category":"Technosphere Flows/CUTOFF Flows","flowType":"PRODUCT_FLOW","location":"RNA","refUnit":"kg"},"value":0.0},{"allocationType":"CAUSAL_ALLOCATION","exchange":{"@type":"Exchange","internalId":23,"flow":{"@type":"Flow","@id":"d12c4a32-12a8-4673-9b14-5d227d2a128e","name":"Sodium hydroxide; chlor-alkali average, membrane cell; at plant; 50% solution state","category":"Technosphere Flows/31-33: Manufacturing/3251: Basic Chemical Manufacturing","flowType":"PRODUCT_FLOW","refUnit":"kg"}},"product":{"@type":"Flow","@id":"f4364ab6-cb8c-3b5c-a9d7-dfe57ac7bceb","name":"Ethanol, denatured, corn dry mill","category":"Technosphere Flows/31-33: Manufacturing/3251: Basic Chemical Manufacturing","flowType":"PRODUCT_FLOW","location":"RNA","refUnit":"kg"},"value":1.0},{"allocationType":"CAUSAL_ALLOCATION","exchange":{"@type":"Exchange","internalId":4,"flow":{"@type":"Flow","@id":"39fa5db7-4bae-36f9-ae67-e2ccd67c318a","name":"Heat, at cogen with ignition biogas engine, allocation exergy","category":"Technosphere Flows/CUTOFF Flows","flowType":"PRODUCT_FLOW","refUnit":"MJ"}},"product":{"@type":"Flow","@id":"0a61808a-df04-3ec0-8c2b-93d4f5cf9fbf","name":"Distillers dried grains with solubles","category":"Technosphere Flows/CUTOFF Flows","flowType":"PRODUCT_FLOW","location":"RNA","refUnit":"kg"},"value":0.0},{"allocationType":"ECONOMIC_ALLOCATION","product":{"@type":"Flow","@id":"f4364ab6-cb8c-3b5c-a9d7-dfe57ac7bceb","name":"Ethanol, denatured, corn dry mill","category":"Technosphere Flows/31-33: Manufacturing/3251: Basic Chemical Manufacturing","flowType":"PRODUCT_FLOW","location":"RNA","refUnit":"kg"},"value":1.0},{"allocationType":"CAUSAL_ALLOCATION","exchange":{"@type":"Exchange","internalId":25,"flow":{"@type":"Flow","@id":"01ec7937-eea7-3830-aaf6-3be74f4d952b","name":"Water","category":"Elementary flows/resource/water/subterranean","flowType":"ELEMENTARY_FLOW","refUnit":"kg"}},"product":{"@type":"Flow","@id":"0a61808a-df04-3ec0-8c2b-93d4f5cf9fbf","name":"Distillers dried grains with solubles","category":"Technosphere Flows/CUTOFF Flows","flowType":"PRODUCT_FLOW","location":"RNA","refUnit":"kg"},"value":0.0},{"allocationType":"CAUSAL_ALLOCATION","exchange":{"@type":"Exchange","internalId":30,"flow":{"@type":"Flow","@id":"510d2c9a-5542-30fb-b8e6-2d9460fe055c","name":"Corn grain, harvested and stored","category":"Technosphere Flows/11: Agriculture, Forestry, Fishing and Hunting/1151: Support Activities for Crop Production","flowType":"PRODUCT_FLOW","location":"RNA","refUnit":"kg"}},"product":{"@type":"Flow","@id":"f4364ab6-cb8c-3b5c-a9d7-dfe57ac7bceb","name":"Ethanol, denatured, corn dry mill","category":"Technosphere Flows/31-33: Manufacturing/3251: Basic Chemical Manufacturing","flowType":"PRODUCT_FLOW","location":"RNA","refUnit":"kg"},"value":1.0},{"allocationType":"CAUSAL_ALLOCATION","exchange":{"@type":"Exchange","internalId":1,"flow":{"@type":"Flow","@id":"e430eaa1-80c8-376d-a3bf-816c9a741807","name":"Water","category":"Elementary flows/emission/air","flowType":"ELEMENTARY_FLOW","refUnit":"kg"}},"product":{"@type":"Flow","@id":"f4364ab6-cb8c-3b5c-a9d7-dfe57ac7bceb","name":"Ethanol, denatured, corn dry mill","category":"Technosphere Flows/31-33: Manufacturing/3251: Basic Chemical Manufacturing","flowType":"PRODUCT_FLOW","location":"RNA","refUnit":"kg"},"value":0.0},{"allocationType":"CAUSAL_ALLOCATION","exchange":{"@type":"Exchange","internalId":1,"flow":{"@type":"Flow","@id":"e430eaa1-80c8-376d-a3bf-816c9a741807","name":"Water","category":"Elementary flows/emission/air","flowType":"ELEMENTARY_FLOW","refUnit":"kg"}},"product":{"@type":"Flow","@id":"0a61808a-df04-3ec0-8c2b-93d4f5cf9fbf","name":"Distillers dried grains with solubles","category":"Technosphere Flows/CUTOFF Flows","flowType":"PRODUCT_FLOW","location":"RNA","refUnit":"kg"},"value":0.0},{"allocationType":"CAUSAL_ALLOCATION","exchange":{"@type":"Exchange","internalId":15,"flow":{"@type":"Flow","@id":"382e1e84-36d0-31b8-88b4-5ceaf7c46106","name":"Yeast paste, from whey, at fermentation","category":"Technosphere Flows/CUTOFF Flows","flowType":"PRODUCT_FLOW","refUnit":"kg"}},"product":{"@type":"Flow","@id":"f4364ab6-cb8c-3b5c-a9d7-dfe57ac7bceb","name":"Ethanol, denatured, corn dry mill","category":"Technosphere Flows/31-33: Manufacturing/3251: Basic Chemical Manufacturing","flowType":"PRODUCT_FLOW","location":"RNA","refUnit":"kg"},"value":1.0},{"allocationType":"CAUSAL_ALLOCATION","exchange":{"@type":"Exchange","internalId":21,"flow":{"@type":"Flow","@id":"00b5c8b4-682d-3000-a2df-246e333f6344","name":"Enzyme, Alpha-amylase, Novozyme Liquozyme","category":"Technosphere Flows/31-33: Manufacturing/3251: Basic Chemical Manufacturing","flowType":"PRODUCT_FLOW","location":"RER","refUnit":"kg"}},"product":{"@type":"Flow","@id":"0a61808a-df04-3ec0-8c2b-93d4f5cf9fbf","name":"Distillers dried grains with solubles","category":"Technosphere Flows/CUTOFF Flows","flowType":"PRODUCT_FLOW","location":"RNA","refUnit":"kg"},"value":0.0},{"allocationType":"CAUSAL_ALLOCATION","exchange":{"@type":"Exchange","internalId":2,"flow":{"@type":"Flow","@id":"f4364ab6-cb8c-3b5c-a9d7-dfe57ac7bceb","name":"Ethanol, denatured, corn dry mill","category":"Technosphere Flows/31-33: Manufacturing/3251: Basic Chemical Manufacturing","flowType":"PRODUCT_FLOW","location":"RNA","refUnit":"kg"}},"product":{"@type":"Flow","@id":"f4364ab6-cb8c-3b5c-a9d7-dfe57ac7bceb","name":"Ethanol, denatured, corn dry mill","category":"Technosphere Flows/31-33: Manufacturing/3251: Basic Chemical Manufacturing","flowType":"PRODUCT_FLOW","location":"RNA","refUnit":"kg"},"value":0.0},{"allocationType":"CAUSAL_ALLOCATION","exchange":{"@type":"Exchange","internalId":14,"flow":{"@type":"Flow","@id":"b70528a4-85c8-3da6-9e86-d6399c94a9b8","name":"Treatment,maize starch production effluent,to wastewater treatment,class2","category":"Technosphere Flows/CUTOFF Flows","flowType":"PRODUCT_FLOW","refUnit":"m3"}},"product":{"@type":"Flow","@id":"0a61808a-df04-3ec0-8c2b-93d4f5cf9fbf","name":"Distillers dried grains with solubles","category":"Technosphere Flows/CUTOFF Flows","flowType":"PRODUCT_FLOW","location":"RNA","refUnit":"kg"},"value":0.0},{"allocationType":"CAUSAL_ALLOCATION","exchange":{"@type":"Exchange","internalId":14,"flow":{"@type":"Flow","@id":"b70528a4-85c8-3da6-9e86-d6399c94a9b8","name":"Treatment,maize starch production effluent,to wastewater treatment,class2","category":"Technosphere Flows/CUTOFF Flows","flowType":"PRODUCT_FLOW","refUnit":"m3"}},"product":{"@type":"Flow","@id":"f4364ab6-cb8c-3b5c-a9d7-dfe57ac7bceb","name":"Ethanol, denatured, corn dry mill","category":"Technosphere Flows/31-33: Manufacturing/3251: Basic Chemical Manufacturing","flowType":"PRODUCT_FLOW","location":"RNA","refUnit":"kg"},"value":1.0},{"allocationType":"CAUSAL_ALLOCATION","exchange":{"@type":"Exchange","internalId":16,"flow":{"@type":"Flow","@id":"3bca3bc6-2443-3184-8976-72dc98d258f6","name":"Electricity, AC, 120 V","category":"Technosphere Flows/22: Utilities/2211: Electric Power Generation, Transmission and Distribution","flowType":"PRODUCT_FLOW","refUnit":"MJ"}},"product":{"@type":"Flow","@id":"0a61808a-df04-3ec0-8c2b-93d4f5cf9fbf","name":"Distillers dried grains with solubles","category":"Technosphere Flows/CUTOFF Flows","flowType":"PRODUCT_FLOW","location":"RNA","refUnit":"kg"},"value":0.0},{"allocationType":"CAUSAL_ALLOCATION","exchange":{"@type":"Exchange","internalId":5,"flow":{"@type":"Flow","@id":"aab83476-ec6c-3742-af85-15d320b7ce80","name":"Methane","category":"Elementary flows/emission/air","flowType":"ELEMENTARY_FLOW","refUnit":"kg"}},"product":{"@type":"Flow","@id":"f4364ab6-cb8c-3b5c-a9d7-dfe57ac7bceb","name":"Ethanol, denatured, corn dry mill","category":"Technosphere Flows/31-33: Manufacturing/3251: Basic Chemical Manufacturing","flowType":"PRODUCT_FLOW","location":"RNA","refUnit":"kg"},"value":1.0},{"allocationType":"CAUSAL_ALLOCATION","exchange":{"@type":"Exchange","internalId":23,"flow":{"@type":"Flow","@id":"d12c4a32-12a8-4673-9b14-5d227d2a128e","name":"Sodium hydroxide; chlor-alkali average, membrane cell; at plant; 50% solution state","category":"Technosphere Flows/31-33: Manufacturing/3251: Basic Chemical Manufacturing","flowType":"PRODUCT_FLOW","refUnit":"kg"}},"product":{"@type":"Flow","@id":"0a61808a-df04-3ec0-8c2b-93d4f5cf9fbf","name":"Distillers dried grains with solubles","category":"Technosphere Flows/CUTOFF Flows","flowType":"PRODUCT_FLOW","location":"RNA","refUnit":"kg"},"value":0.0},{"allocationType":"PHYSICAL_ALLOCATION","product":{"@type":"Flow","@id":"f4364ab6-cb8c-3b5c-a9d7-dfe57ac7bceb","name":"Ethanol, denatured, corn dry mill","category":"Technosphere Flows/31-33: Manufacturing/3251: Basic Chemical Manufacturing","flowType":"PRODUCT_FLOW","location":"RNA","refUnit":"kg"},"value":1.0},{"allocationType":"CAUSAL_ALLOCATION","exchange":{"@type":"Exchange","internalId":22,"flow":{"@type":"Flow","@id":"45f1fd00-2093-3e05-9b41-e942b9e8cec9","name":"Nitrogen fertilizer, production mix, at plant","category":"Technosphere Flows/31-33: Manufacturing/3253: Pesticide, Fertilizer, and Other Agricultural Chemical Manufacturing","flowType":"PRODUCT_FLOW","location":"RNA","refUnit":"kg"}},"product":{"@type":"Flow","@id":"0a61808a-df04-3ec0-8c2b-93d4f5cf9fbf","name":"Distillers dried grains with solubles","category":"Technosphere Flows/CUTOFF Flows","flowType":"PRODUCT_FLOW","location":"RNA","refUnit":"kg"},"value":0.0},{"allocationType":"CAUSAL_ALLOCATION","exchange":{"@type":"Exchange","internalId":5,"flow":{"@type":"Flow","@id":"aab83476-ec6c-3742-af85-15d320b7ce80","name":"Methane","category":"Elementary flows/emission/air","flowType":"ELEMENTARY_FLOW","refUnit":"kg"}},"product":{"@type":"Flow","@id":"0a61808a-df04-3ec0-8c2b-93d4f5cf9fbf","name":"Distillers dried grains with solubles","category":"Technosphere Flows/CUTOFF Flows","flowType":"PRODUCT_FLOW","location":"RNA","refUnit":"kg"},"value":0.0},{"allocationType":"CAUSAL_ALLOCATION","exchange":{"@type":"Exchange","internalId":22,"flow":{"@type":"Flow","@id":"45f1fd00-2093-3e05-9b41-e942b9e8cec9","name":"Nitrogen fertilizer, production mix, at plant","category":"Technosphere Flows/31-33: Manufacturing/3253: Pesticide, Fertilizer, and Other Agricultural Chemical Manufacturing","flowType":"PRODUCT_FLOW","location":"RNA","refUnit":"kg"}},"product":{"@type":"Flow","@id":"f4364ab6-cb8c-3b5c-a9d7-dfe57ac7bceb","name":"Ethanol, denatured, corn dry mill","category":"Technosphere Flows/31-33: Manufacturing/3251: Basic Chemical Manufacturing","flowType":"PRODUCT_FLOW","location":"RNA","refUnit":"kg"},"value":1.0},{"allocationType":"CAUSAL_ALLOCATION","exchange":{"@type":"Exchange","internalId":33,"flow":{"@type":"Flow","@id":"ea8515c5-e3d4-4f42-a856-67a9b85b30a0","name":"Natural gas, combusted in industrial boiler","category":"Technosphere Flows/22: Utilities/2213: Water, Sewage and Other Systems","flowType":"PRODUCT_FLOW","location":"RNA","refUnit":"m3"}},"product":{"@type":"Flow","@id":"0a61808a-df04-3ec0-8c2b-93d4f5cf9fbf","name":"Distillers dried grains with solubles","category":"Technosphere Flows/CUTOFF Flows","flowType":"PRODUCT_FLOW","location":"RNA","refUnit":"kg"},"value":0.0},{"allocationType":"CAUSAL_ALLOCATION","exchange":{"@type":"Exchange","internalId":18,"flow":{"@type":"Flow","@id":"01ec7937-eea7-3830-aaf6-3be74f4d952b","name":"Water","category":"Elementary flows/resource/water/subterranean","flowType":"ELEMENTARY_FLOW","refUnit":"kg"}},"product":{"@type":"Flow","@id":"f4364ab6-cb8c-3b5c-a9d7-dfe57ac7bceb","name":"Ethanol, denatured, corn dry mill","category":"Technosphere Flows/31-33: Manufacturing/3251: Basic Chemical Manufacturing","flowType":"PRODUCT_FLOW","location":"RNA","refUnit":"kg"},"value":1.0},{"allocationType":"CAUSAL_ALLOCATION","exchange":{"@type":"Exchange","internalId":13,"flow":{"@type":"Flow","@id":"1a76ed77-b97d-3070-85b7-b1f41906cece","name":"Wood waste, unspecified, combusted in industrial boiler","category":"Technosphere Flows/22: Utilities/2213: Water, Sewage and Other Systems","flowType":"PRODUCT_FLOW","location":"RNA","refUnit":"kg"}},"product":{"@type":"Flow","@id":"f4364ab6-cb8c-3b5c-a9d7-dfe57ac7bceb","name":"Ethanol, denatured, corn dry mill","category":"Technosphere Flows/31-33: Manufacturing/3251: Basic Chemical Manufacturing","flowType":"PRODUCT_FLOW","location":"RNA","refUnit":"kg"},"value":1.0},{"allocationType":"CAUSAL_ALLOCATION","exchange":{"@type":"Exchange","internalId":16,"flow":{"@type":"Flow","@id":"3bca3bc6-2443-3184-8976-72dc98d258f6","name":"Electricity, AC, 120 V","category":"Technosphere Flows/22: Utilities/2211: Electric Power Generation, Transmission and Distribution","flowType":"PRODUCT_FLOW","refUnit":"MJ"}},"product":{"@type":"Flow","@id":"f4364ab6-cb8c-3b5c-a9d7-dfe57ac7bceb","name":"Ethanol, denatured, corn dry mill","category":"Technosphere Flows/31-33: Manufacturing/3251: Basic Chemical Manufacturing","flowType":"PRODUCT_FLOW","location":"RNA","refUnit":"kg"},"value":1.0},{"allocationType":"ECONOMIC_ALLOCATION","product":{"@type":"Flow","@id":"0a61808a-df04-3ec0-8c2b-93d4f5cf9fbf","name":"Distillers dried grains with solubles","category":"Technosphere Flows/CUTOFF Flows","flowType":"PRODUCT_FLOW","location":"RNA","refUnit":"kg"},"value":0.0},{"allocationType":"CAUSAL_ALLOCATION","exchange":{"@type":"Exchange","internalId":31,"flow":{"@type":"Flow","@id":"ef92f640-ee9a-3199-8961-1decb41e875e","name":"Ethanol fermentation plant","category":"Technosphere Flows/CUTOFF Flows","flowType":"PRODUCT_FLOW","refUnit":"Item(s)"}},"product":{"@type":"Flow","@id":"0a61808a-df04-3ec0-8c2b-93d4f5cf9fbf","name":"Distillers dried grains with solubles","category":"Technosphere Flows/CUTOFF Flows","flowType":"PRODUCT_FLOW","location":"RNA","refUnit":"kg"},"value":0.0},{"allocationType":"CAUSAL_ALLOCATION","exchange":{"@type":"Exchange","internalId":32,"flow":{"@type":"Flow","@id":"b6f010fb-a764-3063-af2d-bcb8309a97b7","name":"Carbon dioxide","category":"Elementary flows/emission/air","flowType":"ELEMENTARY_FLOW","refUnit":"kg"}},"product":{"@type":"Flow","@id":"f4364ab6-cb8c-3b5c-a9d7-dfe57ac7bceb","name":"Ethanol, denatured, corn dry mill","category":"Technosphere Flows/31-33: Manufacturing/3251: Basic Chemical Manufacturing","flowType":"PRODUCT_FLOW","location":"RNA","refUnit":"kg"},"value":0.0},{"allocationType":"CAUSAL_ALLOCATION","exchange":{"@type":"Exchange","internalId":19,"flow":{"@type":"Flow","@id":"0e44e579-abb0-3c77-af64-c774d65be529","name":"Gasoline, at refinery","category":"Technosphere Flows/31-33: Manufacturing/3241: Petroleum and Coal Products Manufacturing","flowType":"PRODUCT_FLOW","refUnit":"m3"}},"product":{"@type":"Flow","@id":"0a61808a-df04-3ec0-8c2b-93d4f5cf9fbf","name":"Distillers dried grains with solubles","category":"Technosphere Flows/CUTOFF Flows","flowType":"PRODUCT_FLOW","location":"RNA","refUnit":"kg"},"value":0.0},{"allocationType":"CAUSAL_ALLOCATION","exchange":{"@type":"Exchange","internalId":7,"flow":{"@type":"Flow","@id":"263fb8d0-8df5-3cee-834b-b7e2de1dac4a","name":"Soy meal, at plant","category":"Technosphere Flows/31-33: Manufacturing/3112: Grain and Oilseed Milling","flowType":"PRODUCT_FLOW","location":"RNA","refUnit":"kg"}},"product":{"@type":"Flow","@id":"f4364ab6-cb8c-3b5c-a9d7-dfe57ac7bceb","name":"Ethanol, denatured, corn dry mill","category":"Technosphere Flows/31-33: Manufacturing/3251: Basic Chemical Manufacturing","flowType":"PRODUCT_FLOW","location":"RNA","refUnit":"kg"},"value":1.0},{"allocationType":"CAUSAL_ALLOCATION","exchange":{"@type":"Exchange","internalId":9,"flow":{"@type":"Flow","@id":"f9e94137-4a27-3973-a4d2-0d8bdafd2ade","name":"Ethanol","category":"Elementary flows/emission/air","flowType":"ELEMENTARY_FLOW","refUnit":"kg"}},"product":{"@type":"Flow","@id":"0a61808a-df04-3ec0-8c2b-93d4f5cf9fbf","name":"Distillers dried grains with solubles","category":"Technosphere Flows/CUTOFF Flows","flowType":"PRODUCT_FLOW","location":"RNA","refUnit":"kg"},"value":0.0},{"allocationType":"CAUSAL_ALLOCATION","exchange":{"@type":"Exchange","internalId":31,"flow":{"@type":"Flow","@id":"ef92f640-ee9a-3199-8961-1decb41e875e","name":"Ethanol fermentation plant","category":"Technosphere Flows/CUTOFF Flows","flowType":"PRODUCT_FLOW","refUnit":"Item(s)"}},"product":{"@type":"Flow","@id":"f4364ab6-cb8c-3b5c-a9d7-dfe57ac7bceb","name":"Ethanol, denatured, corn dry mill","category":"Technosphere Flows/31-33: Manufacturing/3251: Basic Chemical Manufacturing","flowType":"PRODUCT_FLOW","location":"RNA","refUnit":"kg"},"value":1.0},{"allocationType":"CAUSAL_ALLOCATION","exchange":{"@type":"Exchange","internalId":11,"flow":{"@type":"Flow","@id":"d818c190-7b73-33b1-b0d4-9f4339e3b117","name":"Enzyme, Glucoamylase, Novozyme Spirizyme","category":"Technosphere Flows/31-33: Manufacturing/3251: Basic Chemical Manufacturing","flowType":"PRODUCT_FLOW","location":"RER","refUnit":"kg"}},"product":{"@type":"Flow","@id":"0a61808a-df04-3ec0-8c2b-93d4f5cf9fbf","name":"Distillers dried grains with solubles","category":"Technosphere Flows/CUTOFF Flows","flowType":"PRODUCT_FLOW","location":"RNA","refUnit":"kg"},"value":0.0},{"allocationType":"CAUSAL_ALLOCATION","exchange":{"@type":"Exchange","internalId":28,"flow":{"@type":"Flow","@id":"d6bfc1d8-069b-3604-9685-9ed45c6dfce4","name":"Corn wet milling, operations, AP-42","category":"Technosphere Flows/31-33: Manufacturing/3112: Grain and Oilseed Milling","flowType":"PRODUCT_FLOW","location":"RNA","refUnit":"kg"}},"product":{"@type":"Flow","@id":"f4364ab6-cb8c-3b5c-a9d7-dfe57ac7bceb","name":"Ethanol, denatured, corn dry mill","category":"Technosphere Flows/31-33: Manufacturing/3251: Basic Chemical Manufacturing","flowType":"PRODUCT_FLOW","location":"RNA","refUnit":"kg"},"value":1.0},{"allocationType":"CAUSAL_ALLOCATION","exchange":{"@type":"Exchange","internalId":26,"flow":{"@type":"Flow","@id":"f670bb2d-c28a-3a08-9b9c-cc50bca5d126","name":"Energy, output","category":"Technosphere Flows/CUTOFF Flows","flowType":"PRODUCT_FLOW","refUnit":"MJ"}},"product":{"@type":"Flow","@id":"0a61808a-df04-3ec0-8c2b-93d4f5cf9fbf","name":"Distillers dried grains with solubles","category":"Technosphere Flows/CUTOFF Flows","flowType":"PRODUCT_FLOW","location":"RNA","refUnit":"kg"},"value":0.0},{"allocationType":"PHYSICAL_ALLOCATION","product":{"@type":"Flow","@id":"0a61808a-df04-3ec0-8c2b-93d4f5cf9fbf","name":"Distillers dried grains with solubles","category":"Technosphere Flows/CUTOFF Flows","flowType":"PRODUCT_FLOW","location":"RNA","refUnit":"kg"},"value":0.0},{"allocationType":"CAUSAL_ALLOCATION","exchange":{"@type":"Exchange","internalId":8,"flow":{"@type":"Flow","@id":"2766f5e7-9d42-36cb-8a03-11aa4f7ecd3a","name":"Corn grain, at conversion plant","category":"Technosphere Flows/48-49: Transportation and Warehousing/4842: Specialized Freight Trucking","flowType":"PRODUCT_FLOW","location":"RNA","refUnit":"kg"}},"product":{"@type":"Flow","@id":"f4364ab6-cb8c-3b5c-a9d7-dfe57ac7bceb","name":"Ethanol, denatured, corn dry mill","category":"Technosphere Flows/31-33: Manufacturing/3251: Basic Chemical Manufacturing","flowType":"PRODUCT_FLOW","location":"RNA","refUnit":"kg"},"value":1.0},{"allocationType":"CAUSAL_ALLOCATION","exchange":{"@type":"Exchange","internalId":9,"flow":{"@type":"Flow","@id":"f9e94137-4a27-3973-a4d2-0d8bdafd2ade","name":"Ethanol","category":"Elementary flows/emission/air","flowType":"ELEMENTARY_FLOW","refUnit":"kg"}},"product":{"@type":"Flow","@id":"f4364ab6-cb8c-3b5c-a9d7-dfe57ac7bceb","name":"Ethanol, denatured, corn dry mill","category":"Technosphere Flows/31-33: Manufacturing/3251: Basic Chemical Manufacturing","flowType":"PRODUCT_FLOW","location":"RNA","refUnit":"kg"},"value":1.0},{"allocationType":"CAUSAL_ALLOCATION","exchange":{"@type":"Exchange","internalId":17,"flow":{"@type":"Flow","@id":"f867896e-830f-31f9-975d-465b212262ef","name":"Sulfuric acid, at plant","category":"Technosphere Flows/31-33: Manufacturing/3251: Basic Chemical Manufacturing","flowType":"PRODUCT_FLOW","location":"RNA","refUnit":"kg"}},"product":{"@type":"Flow","@id":"0a61808a-df04-3ec0-8c2b-93d4f5cf9fbf","name":"Distillers dried grains with solubles","category":"Technosphere Flows/CUTOFF Flows","flowType":"PRODUCT_FLOW","location":"RNA","refUnit":"kg"},"value":0.0},{"allocationType":"CAUSAL_ALLOCATION","exchange":{"@type":"Exchange","internalId":28,"flow":{"@type":"Flow","@id":"d6bfc1d8-069b-3604-9685-9ed45c6dfce4","name":"Corn wet milling, operations, AP-42","category":"Technosphere Flows/31-33: Manufacturing/3112: Grain and Oilseed Milling","flowType":"PRODUCT_FLOW","location":"RNA","refUnit":"kg"}},"product":{"@type":"Flow","@id":"0a61808a-df04-3ec0-8c2b-93d4f5cf9fbf","name":"Distillers dried grains with solubles","category":"Technosphere Flows/CUTOFF Flows","flowType":"PRODUCT_FLOW","location":"RNA","refUnit":"kg"},"value":0.0},{"allocationType":"CAUSAL_ALLOCATION","exchange":{"@type":"Exchange","internalId":7,"flow":{"@type":"Flow","@id":"263fb8d0-8df5-3cee-834b-b7e2de1dac4a","name":"Soy meal, at plant","category":"Technosphere Flows/31-33: Manufacturing/3112: Grain and Oilseed Milling","flowType":"PRODUCT_FLOW","location":"RNA","refUnit":"kg"}},"product":{"@type":"Flow","@id":"0a61808a-df04-3ec0-8c2b-93d4f5cf9fbf","name":"Distillers dried grains with solubles","category":"Technosphere Flows/CUTOFF Flows","flowType":"PRODUCT_FLOW","location":"RNA","refUnit":"kg"},"value":0.0},{"allocationType":"CAUSAL_ALLOCATION","exchange":{"@type":"Exchange","internalId":2,"flow":{"@type":"Flow","@id":"f4364ab6-cb8c-3b5c-a9d7-dfe57ac7bceb","name":"Ethanol, denatured, corn dry mill","category":"Technosphere Flows/31-33: Manufacturing/3251: Basic Chemical Manufacturing","flowType":"PRODUCT_FLOW","location":"RNA","refUnit":"kg"}},"product":{"@type":"Flow","@id":"0a61808a-df04-3ec0-8c2b-93d4f5cf9fbf","name":"Distillers dried grains with solubles","category":"Technosphere Flows/CUTOFF Flows","flowType":"PRODUCT_FLOW","location":"RNA","refUnit":"kg"},"value":0.0},{"allocationType":"CAUSAL_ALLOCATION","exchange":{"@type":"Exchange","internalId":18,"flow":{"@type":"Flow","@id":"01ec7937-eea7-3830-aaf6-3be74f4d952b","name":"Water","category":"Elementary flows/resource/water/subterranean","flowType":"ELEMENTARY_FLOW","refUnit":"kg"}},"product":{"@type":"Flow","@id":"0a61808a-df04-3ec0-8c2b-93d4f5cf9fbf","name":"Distillers dried grains with solubles","category":"Technosphere Flows/CUTOFF Flows","flowType":"PRODUCT_FLOW","location":"RNA","refUnit":"kg"},"value":0.0},{"allocationType":"CAUSAL_ALLOCATION","exchange":{"@type":"Exchange","internalId":34,"flow":{"@type":"Flow","@id":"aa3f722d-d57d-44d4-89b2-e28f203a991c","name":"Disposal, inert waste, 5% water, to inert material landfill","category":"Technosphere Flows/CUTOFF Flows/CUTOFF Waste Flows","flowType":"WASTE_FLOW","refUnit":"kg"}},"product":{"@type":"Flow","@id":"f4364ab6-cb8c-3b5c-a9d7-dfe57ac7bceb","name":"Ethanol, denatured, corn dry mill","category":"Technosphere Flows/31-33: Manufacturing/3251: Basic Chemical Manufacturing","flowType":"PRODUCT_FLOW","location":"RNA","refUnit":"kg"},"value":0.0},{"allocationType":"CAUSAL_ALLOCATION","exchange":{"@type":"Exchange","internalId":30,"flow":{"@type":"Flow","@id":"510d2c9a-5542-30fb-b8e6-2d9460fe055c","name":"Corn grain, harvested and stored","category":"Technosphere Flows/11: Agriculture, Forestry, Fishing and Hunting/1151: Support Activities for Crop Production","flowType":"PRODUCT_FLOW","location":"RNA","refUnit":"kg"}},"product":{"@type":"Flow","@id":"0a61808a-df04-3ec0-8c2b-93d4f5cf9fbf","name":"Distillers dried grains with solubles","category":"Technosphere Flows/CUTOFF Flows","flowType":"PRODUCT_FLOW","location":"RNA","refUnit":"kg"},"value":0.0},{"allocationType":"CAUSAL_ALLOCATION","exchange":{"@type":"Exchange","internalId":11,"flow":{"@type":"Flow","@id":"d818c190-7b73-33b1-b0d4-9f4339e3b117","name":"Enzyme, Glucoamylase, Novozyme Spirizyme","category":"Technosphere Flows/31-33: Manufacturing/3251: Basic Chemical Manufacturing","flowType":"PRODUCT_FLOW","location":"RER","refUnit":"kg"}},"product":{"@type":"Flow","@id":"f4364ab6-cb8c-3b5c-a9d7-dfe57ac7bceb","name":"Ethanol, denatured, corn dry mill","category":"Technosphere Flows/31-33: Manufacturing/3251: Basic Chemical Manufacturing","flowType":"PRODUCT_FLOW","location":"RNA","refUnit":"kg"},"value":1.0},{"allocationType":"CAUSAL_ALLOCATION","exchange":{"@type":"Exchange","internalId":13,"flow":{"@type":"Flow","@id":"1a76ed77-b97d-3070-85b7-b1f41906cece","name":"Wood waste, unspecified, combusted in industrial boiler","category":"Technosphere Flows/22: Utilities/2213: Water, Sewage and Other Systems","flowType":"PRODUCT_FLOW","location":"RNA","refUnit":"kg"}},"product":{"@type":"Flow","@id":"0a61808a-df04-3ec0-8c2b-93d4f5cf9fbf","name":"Distillers dried grains with solubles","category":"Technosphere Flows/CUTOFF Flows","flowType":"PRODUCT_FLOW","location":"RNA","refUnit":"kg"},"value":0.0},{"allocationType":"CAUSAL_ALLOCATION","exchange":{"@type":"Exchange","internalId":8,"flow":{"@type":"Flow","@id":"2766f5e7-9d42-36cb-8a03-11aa4f7ecd3a","name":"Corn grain, at conversion plant","category":"Technosphere Flows/48-49: Transportation and Warehousing/4842: Specialized Freight Trucking","flowType":"PRODUCT_FLOW","location":"RNA","refUnit":"kg"}},"product":{"@type":"Flow","@id":"0a61808a-df04-3ec0-8c2b-93d4f5cf9fbf","name":"Distillers dried grains with solubles","category":"Technosphere Flows/CUTOFF Flows","flowType":"PRODUCT_FLOW","location":"RNA","refUnit":"kg"},"value":0.0},{"allocationType":"CAUSAL_ALLOCATION","exchange":{"@type":"Exchange","internalId":29,"flow":{"@type":"Flow","@id":"eb6394c1-0d19-3be3-99ab-ec572dec9926","name":"Lignite coal, combusted in industrial boiler","category":"Technosphere Flows/22: Utilities/2213: Water, Sewage and Other Systems","flowType":"PRODUCT_FLOW","location":"RNA","refUnit":"kg"}},"product":{"@type":"Flow","@id":"0a61808a-df04-3ec0-8c2b-93d4f5cf9fbf","name":"Distillers dried grains with solubles","category":"Technosphere Flows/CUTOFF Flows","flowType":"PRODUCT_FLOW","location":"RNA","refUnit":"kg"},"value":0.0},{"allocationType":"CAUSAL_ALLOCATION","exchange":{"@type":"Exchange","internalId":27,"flow":{"@type":"Flow","@id":"01ec7937-eea7-3830-aaf6-3be74f4d952b","name":"Water","category":"Elementary flows/resource/water/subterranean","flowType":"ELEMENTARY_FLOW","refUnit":"kg"}},"product":{"@type":"Flow","@id":"0a61808a-df04-3ec0-8c2b-93d4f5cf9fbf","name":"Distillers dried grains with solubles","category":"Technosphere Flows/CUTOFF Flows","flowType":"PRODUCT_FLOW","location":"RNA","refUnit":"kg"},"value":0.0},{"allocationType":"CAUSAL_ALLOCATION","exchange":{"@type":"Exchange","internalId":32,"flow":{"@type":"Flow","@id":"b6f010fb-a764-3063-af2d-bcb8309a97b7","name":"Carbon dioxide","category":"Elementary flows/emission/air","flowType":"ELEMENTARY_FLOW","refUnit":"kg"}},"product":{"@type":"Flow","@id":"0a61808a-df04-3ec0-8c2b-93d4f5cf9fbf","name":"Distillers dried grains with solubles","category":"Technosphere Flows/CUTOFF Flows","flowType":"PRODUCT_FLOW","location":"RNA","refUnit":"kg"},"value":0.0},{"allocationType":"CAUSAL_ALLOCATION","exchange":{"@type":"Exchange","internalId":33,"flow":{"@type":"Flow","@id":"ea8515c5-e3d4-4f42-a856-67a9b85b30a0","name":"Natural gas, combusted in industrial boiler","category":"Technosphere Flows/22: Utilities/2213: Water, Sewage and Other Systems","flowType":"PRODUCT_FLOW","location":"RNA","refUnit":"m3"}},"product":{"@type":"Flow","@id":"f4364ab6-cb8c-3b5c-a9d7-dfe57ac7bceb","name":"Ethanol, denatured, corn dry mill","category":"Technosphere Flows/31-33: Manufacturing/3251: Basic Chemical Manufacturing","flowType":"PRODUCT_FLOW","location":"RNA","refUnit":"kg"},"value":0.0},{"allocationType":"CAUSAL_ALLOCATION","exchange":{"@type":"Exchange","internalId":20,"flow":{"@type":"Flow","@id":"c34c4451-297f-3b5c-a15f-2c16cdb52ad9","name":"Quicklime, at plant","category":"Technosphere Flows/31-33: Manufacturing/3274: Lime and Gypsum Product Manufacturing","flowType":"PRODUCT_FLOW","location":"RNA","refUnit":"kg"}},"product":{"@type":"Flow","@id":"0a61808a-df04-3ec0-8c2b-93d4f5cf9fbf","name":"Distillers dried grains with solubles","category":"Technosphere Flows/CUTOFF Flows","flowType":"PRODUCT_FLOW","location":"RNA","refUnit":"kg"},"value":0.0},{"allocationType":"CAUSAL_ALLOCATION","exchange":{"@type":"Exchange","internalId":20,"flow":{"@type":"Flow","@id":"c34c4451-297f-3b5c-a15f-2c16cdb52ad9","name":"Quicklime, at plant","category":"Technosphere Flows/31-33: Manufacturing/3274: Lime and Gypsum Product Manufacturing","flowType":"PRODUCT_FLOW","location":"RNA","refUnit":"kg"}},"product":{"@type":"Flow","@id":"f4364ab6-cb8c-3b5c-a9d7-dfe57ac7bceb","name":"Ethanol, denatured, corn dry mill","category":"Technosphere Flows/31-33: Manufacturing/3251: Basic Chemical Manufacturing","flowType":"PRODUCT_FLOW","location":"RNA","refUnit":"kg"},"value":1.0},{"allocationType":"CAUSAL_ALLOCATION","exchange":{"@type":"Exchange","internalId":19,"flow":{"@type":"Flow","@id":"0e44e579-abb0-3c77-af64-c774d65be529","name":"Gasoline, at refinery","category":"Technosphere Flows/31-33: Manufacturing/3241: Petroleum and Coal Products Manufacturing","flowType":"PRODUCT_FLOW","refUnit":"m3"}},"product":{"@type":"Flow","@id":"f4364ab6-cb8c-3b5c-a9d7-dfe57ac7bceb","name":"Ethanol, denatured, corn dry mill","category":"Technosphere Flows/31-33: Manufacturing/3251: Basic Chemical Manufacturing","flowType":"PRODUCT_FLOW","location":"RNA","refUnit":"kg"},"value":1.0},{"allocationType":"CAUSAL_ALLOCATION","exchange":{"@type":"Exchange","internalId":4,"flow":{"@type":"Flow","@id":"39fa5db7-4bae-36f9-ae67-e2ccd67c318a","name":"Heat, at cogen with ignition biogas engine, allocation exergy","category":"Technosphere Flows/CUTOFF Flows","flowType":"PRODUCT_FLOW","refUnit":"MJ"}},"product":{"@type":"Flow","@id":"f4364ab6-cb8c-3b5c-a9d7-dfe57ac7bceb","name":"Ethanol, denatured, corn dry mill","category":"Technosphere Flows/31-33: Manufacturing/3251: Basic Chemical Manufacturing","flowType":"PRODUCT_FLOW","location":"RNA","refUnit":"kg"},"value":1.0},{"allocationType":"CAUSAL_ALLOCATION","exchange":{"@type":"Exchange","internalId":21,"flow":{"@type":"Flow","@id":"00b5c8b4-682d-3000-a2df-246e333f6344","name":"Enzyme, Alpha-amylase, Novozyme Liquozyme","category":"Technosphere Flows/31-33: Manufacturing/3251: Basic Chemical Manufacturing","flowType":"PRODUCT_FLOW","location":"RER","refUnit":"kg"}},"product":{"@type":"Flow","@id":"f4364ab6-cb8c-3b5c-a9d7-dfe57ac7bceb","name":"Ethanol, denatured, corn dry mill","category":"Technosphere Flows/31-33: Manufacturing/3251: Basic Chemical Manufacturing","flowType":"PRODUCT_FLOW","location":"RNA","refUnit":"kg"},"value":1.0},{"allocationType":"CAUSAL_ALLOCATION","exchange":{"@type":"Exchange","internalId":25,"flow":{"@type":"Flow","@id":"01ec7937-eea7-3830-aaf6-3be74f4d952b","name":"Water","category":"Elementary flows/resource/water/subterranean","flowType":"ELEMENTARY_FLOW","refUnit":"kg"}},"product":{"@type":"Flow","@id":"f4364ab6-cb8c-3b5c-a9d7-dfe57ac7bceb","name":"Ethanol, denatured, corn dry mill","category":"Technosphere Flows/31-33: Manufacturing/3251: Basic Chemical Manufacturing","flowType":"PRODUCT_FLOW","location":"RNA","refUnit":"kg"},"value":1.0},{"allocationType":"CAUSAL_ALLOCATION","exchange":{"@type":"Exchange","internalId":27,"flow":{"@type":"Flow","@id":"01ec7937-eea7-3830-aaf6-3be74f4d952b","name":"Water","category":"Elementary flows/resource/water/subterranean","flowType":"ELEMENTARY_FLOW","refUnit":"kg"}},"product":{"@type":"Flow","@id":"f4364ab6-cb8c-3b5c-a9d7-dfe57ac7bceb","name":"Ethanol, denatured, corn dry mill","category":"Technosphere Flows/31-33: Manufacturing/3251: Basic Chemical Manufacturing","flowType":"PRODUCT_FLOW","location":"RNA","refUnit":"kg"},"value":1.0},{"allocationType":"CAUSAL_ALLOCATION","exchange":{"@type":"Exchange","internalId":26,"flow":{"@type":"Flow","@id":"f670bb2d-c28a-3a08-9b9c-cc50bca5d126","name":"Energy, output","category":"Technosphere Flows/CUTOFF Flows","flowType":"PRODUCT_FLOW","refUnit":"MJ"}},"product":{"@type":"Flow","@id":"f4364ab6-cb8c-3b5c-a9d7-dfe57ac7bceb","name":"Ethanol, denatured, corn dry mill","category":"Technosphere Flows/31-33: Manufacturing/3251: Basic Chemical Manufacturing","flowType":"PRODUCT_FLOW","location":"RNA","refUnit":"kg"},"value":1.0},{"allocationType":"CAUSAL_ALLOCATION","exchange":{"@type":"Exchange","internalId":29,"flow":{"@type":"Flow","@id":"eb6394c1-0d19-3be3-99ab-ec572dec9926","name":"Lignite coal, combusted in industrial boiler","category":"Technosphere Flows/22: Utilities/2213: Water, Sewage and Other Systems","flowType":"PRODUCT_FLOW","location":"RNA","refUnit":"kg"}},"product":{"@type":"Flow","@id":"f4364ab6-cb8c-3b5c-a9d7-dfe57ac7bceb","name":"Ethanol, denatured, corn dry mill","category":"Technosphere Flows/31-33: Manufacturing/3251: Basic Chemical Manufacturing","flowType":"PRODUCT_FLOW","location":"RNA","refUnit":"kg"},"value":1.0},{"allocationType":"CAUSAL_ALLOCATION","exchange":{"@type":"Exchange","internalId":12,"flow":{"@type":"Flow","@id":"28b025c1-5897-3e01-8aa2-166cd2c9f86d","name":"Corn wet mill, gluten drying, AP-42","category":"Technosphere Flows/31-33: Manufacturing/3112: Grain and Oilseed Milling","flowType":"PRODUCT_FLOW","location":"RNA","refUnit":"kg"}},"product":{"@type":"Flow","@id":"f4364ab6-cb8c-3b5c-a9d7-dfe57ac7bceb","name":"Ethanol, denatured, corn dry mill","category":"Technosphere Flows/31-33: Manufacturing/3251: Basic Chemical Manufacturing","flowType":"PRODUCT_FLOW","location":"RNA","refUnit":"kg"},"value":1.0}]}