{"@type":"Process","@id":"d6ad7035-5498-3237-8abd-50e93b1eef89","name":"Diesel, combusted in industrial equipment","description":"\nImportant note: although most of the data in the US LCI database has \nundergone some sort of review, the database as a whole has not yet \nundergone a formal validation process.\nPlease email comments to lci@nrel.gov.","category":"22: Utilities/2213: Water, Sewage and Other Systems","version":"00.00.004","lastChange":"2023-03-31T19:04:07.166Z","processType":"UNIT_PROCESS","defaultAllocationMethod":"NO_ALLOCATION","isInfrastructureProcess":false,"location":{"@type":"Location","@id":"b320e7db-c758-3ba6-8839-81eb83c9d7d7","name":"Northern America"},"processDocumentation":{"validFrom":"9998-12-31","validUntil":"9998-12-31","geographyDescription":"United States","technologyDescription":"Diesel combustion in industrial applications such as mobile refrigeration units, generators, pumps, and portable well-drilling equipment.","sources":[{"@type":"Source","@id":"f259fd64-0a3f-378e-a5fe-62986163c8dd","name":"Center for Transportation Research, Argo "},{"@type":"Source","@id":"ba1941b1-b88e-35d0-912f-ded1551cafa3","name":"Franklin Associates (2003) Diesel Combustion Equipment"}],"dataGenerator":{"@type":"Actor","@id":"38e67478-a915-43d9-ad67-e25db79a4acc","name":"Franklin Associates, A Division of ERG","category":"Organisations"},"dataDocumentor":{"@type":"Actor","@id":"38e67478-a915-43d9-ad67-e25db79a4acc","name":"Franklin Associates, A Division of ERG","category":"Organisations"},"creationDate":"2015-11-24T14:52:31.280Z","publication":{"@type":"Source","@id":"ba1941b1-b88e-35d0-912f-ded1551cafa3","name":"Franklin Associates (2003) Diesel Combustion Equipment"},"isCopyrightProtected":false,"restrictionsDescription":"All information can be accessed by everybody."},"lastInternalId":23,"parameters":[],"exchanges":[{"@type":"Exchange","isAvoidedProduct":false,"isInput":false,"amount":1.0,"internalId":1,"flow":{"@type":"Flow","@id":"d815ff18-015c-3afb-be18-be03bdf325da","name":"Diesel, combusted in industrial equipment","category":"Technosphere Flows/22: Utilities/2213: Water, Sewage and Other Systems","flowType":"PRODUCT_FLOW","location":"RNA","refUnit":"m3"},"unit":{"@type":"Unit","@id":"b80a512e-e402-4363-8ad0-7d02dcf4a459","name":"l"},"flowProperty":{"@type":"FlowProperty","@id":"93a60a56-a3c8-22da-a746-0800200c9a66","name":"Volume","category":"Technical flow properties","refUnit":"m3"},"isQuantitativeReference":true},{"@type":"Exchange","isAvoidedProduct":false,"isInput":false,"amount":1.5373E-6,"internalId":15,"flow":{"@type":"Flow","@id":"ba9cee15-a144-3c38-9a3b-36931d4e64e9","name":"Acrolein","category":"Elementary flows/emission/air","flowType":"ELEMENTARY_FLOW","refUnit":"kg"},"unit":{"@type":"Unit","@id":"20aadc24-a391-41cf-b340-3e4529f44bde","name":"kg"},"flowProperty":{"@type":"FlowProperty","@id":"93a60a56-a3c8-11da-a746-0800200b9a66","name":"Mass","category":"Technical flow properties","refUnit":"kg"}},{"@type":"Exchange","isAvoidedProduct":false,"isInput":true,"amount":0.0033554,"description":"Represents transportation from petroleum refinery to diesel equipment.","internalId":21,"flow":{"@type":"Flow","@id":"73c7494d-4e93-3769-896b-8bb82f0dfccc","name":"Transport, train, diesel powered","category":"Technosphere Flows/48-49: Transportation and Warehousing/4821: Rail Transportation","flowType":"PRODUCT_FLOW","location":"RNA","refUnit":"t*km"},"unit":{"@type":"Unit","@id":"0dea4ed8-bb6b-4049-b2b4-b2c413ef2180","name":"t*km"},"flowProperty":{"@type":"FlowProperty","@id":"838aaa20-0117-11db-92e3-0800200c9a66","name":"Goods transport (mass*distance)","category":"Technical flow properties","refUnit":"t*km"},"defaultProvider":{"@type":"Process","@id":"7de9c230-fd0f-3478-be87-f80181132faa","name":"Transport, train, diesel powered","category":"48-49: Transportation and Warehousing/4821: Rail Transportation","processType":"UNIT_PROCESS","flowType":"PRODUCT_FLOW","location":"US"}},{"@type":"Exchange","isAvoidedProduct":false,"isInput":false,"amount":0.014029,"internalId":23,"flow":{"@type":"Flow","@id":"187c525c-3715-388c-b303-a0671524a615","name":"Carbon monoxide","category":"Elementary flows/emission/air","flowType":"ELEMENTARY_FLOW","refUnit":"kg"},"unit":{"@type":"Unit","@id":"20aadc24-a391-41cf-b340-3e4529f44bde","name":"kg"},"flowProperty":{"@type":"FlowProperty","@id":"93a60a56-a3c8-11da-a746-0800200b9a66","name":"Mass","category":"Technical flow properties","refUnit":"kg"}},{"@type":"Exchange","isAvoidedProduct":false,"isInput":false,"amount":4.7367E-6,"internalId":4,"flow":{"@type":"Flow","@id":"aef9d0ff-6482-3b1d-a53e-4d738bdcd9b1","name":"Xylene","category":"Elementary flows/emission/air","flowType":"ELEMENTARY_FLOW","refUnit":"kg"},"unit":{"@type":"Unit","@id":"20aadc24-a391-41cf-b340-3e4529f44bde","name":"kg"},"flowProperty":{"@type":"FlowProperty","@id":"93a60a56-a3c8-11da-a746-0800200b9a66","name":"Mass","category":"Technical flow properties","refUnit":"kg"}},{"@type":"Exchange","isAvoidedProduct":false,"isInput":false,"amount":1.9612E-5,"internalId":2,"flow":{"@type":"Flow","@id":"a257b8d3-62dd-37ad-b429-73d96c97165c","name":"Formaldehyde","category":"Elementary flows/emission/air","flowType":"ELEMENTARY_FLOW","refUnit":"kg"},"unit":{"@type":"Unit","@id":"20aadc24-a391-41cf-b340-3e4529f44bde","name":"kg"},"flowProperty":{"@type":"FlowProperty","@id":"93a60a56-a3c8-11da-a746-0800200b9a66","name":"Mass","category":"Technical flow properties","refUnit":"kg"}},{"@type":"Exchange","isAvoidedProduct":false,"isInput":true,"amount":0.028425,"description":"Represents transportation from petroleum refinery to diesel equipment.","internalId":7,"flow":{"@type":"Flow","@id":"4069483a-8d94-3b6b-81be-5f0a249b74f4","name":"Transport, barge, average fuel mix","category":"Technosphere Flows/48-49: Transportation and Warehousing/4832: Inland Water Transportation","flowType":"PRODUCT_FLOW","location":"RNA","refUnit":"t*km"},"unit":{"@type":"Unit","@id":"0dea4ed8-bb6b-4049-b2b4-b2c413ef2180","name":"t*km"},"flowProperty":{"@type":"FlowProperty","@id":"838aaa20-0117-11db-92e3-0800200c9a66","name":"Goods transport (mass*distance)","category":"Technical flow properties","refUnit":"t*km"},"defaultProvider":{"@type":"Process","@id":"099c3d09-08a3-3cac-9ffd-0558c12033b9","name":"Transport, barge, average fuel mix","category":"48-49: Transportation and Warehousing/4832: Inland Water Transportation","processType":"UNIT_PROCESS","flowType":"PRODUCT_FLOW","location":"US"}},{"@type":"Exchange","isAvoidedProduct":false,"isInput":false,"amount":0.052813,"internalId":13,"flow":{"@type":"Flow","@id":"4382ba18-dd21-3837-80b2-94283ef5490e","name":"Nitrogen oxides","category":"Elementary flows/emission/air","flowType":"ELEMENTARY_FLOW","refUnit":"kg"},"unit":{"@type":"Unit","@id":"20aadc24-a391-41cf-b340-3e4529f44bde","name":"kg"},"flowProperty":{"@type":"FlowProperty","@id":"93a60a56-a3c8-11da-a746-0800200b9a66","name":"Mass","category":"Technical flow properties","refUnit":"kg"}},{"@type":"Exchange","isAvoidedProduct":false,"isInput":false,"amount":0.0013519,"internalId":17,"flow":{"@type":"Flow","@id":"6f861846-1c4c-3fc9-a198-56b2d9abd83b","name":"Volatile organic compounds","category":"Elementary flows/emission/air","flowType":"ELEMENTARY_FLOW","refUnit":"kg"},"unit":{"@type":"Unit","@id":"20aadc24-a391-41cf-b340-3e4529f44bde","name":"kg"},"flowProperty":{"@type":"FlowProperty","@id":"93a60a56-a3c8-11da-a746-0800200b9a66","name":"Mass","category":"Technical flow properties","refUnit":"kg"}},{"@type":"Exchange","isAvoidedProduct":false,"isInput":false,"amount":4.2879E-5,"internalId":19,"flow":{"@type":"Flow","@id":"2014edbf-fd15-3674-8927-701264cb597f","name":"Propylene","category":"Elementary flows/emission/air","flowType":"ELEMENTARY_FLOW","refUnit":"kg"},"unit":{"@type":"Unit","@id":"20aadc24-a391-41cf-b340-3e4529f44bde","name":"kg"},"flowProperty":{"@type":"FlowProperty","@id":"93a60a56-a3c8-11da-a746-0800200b9a66","name":"Mass","category":"Technical flow properties","refUnit":"kg"}},{"@type":"Exchange","isAvoidedProduct":false,"isInput":false,"amount":1.2747E-5,"internalId":11,"flow":{"@type":"Flow","@id":"09dc3fe9-7e57-321f-9e04-34375bf2a0b7","name":"Acetaldehyde","category":"Elementary flows/emission/air","flowType":"ELEMENTARY_FLOW","refUnit":"kg"},"unit":{"@type":"Unit","@id":"20aadc24-a391-41cf-b340-3e4529f44bde","name":"kg"},"flowProperty":{"@type":"FlowProperty","@id":"93a60a56-a3c8-11da-a746-0800200b9a66","name":"Mass","category":"Technical flow properties","refUnit":"kg"}},{"@type":"Exchange","isAvoidedProduct":false,"isInput":false,"amount":6.4984E-7,"internalId":5,"flow":{"@type":"Flow","@id":"457411b2-4dac-3eb2-965d-97b60660afa2","name":"1,3-Butadiene","category":"Elementary flows/emission/air","flowType":"ELEMENTARY_FLOW","refUnit":"kg"},"unit":{"@type":"Unit","@id":"20aadc24-a391-41cf-b340-3e4529f44bde","name":"kg"},"flowProperty":{"@type":"FlowProperty","@id":"93a60a56-a3c8-11da-a746-0800200b9a66","name":"Mass","category":"Technical flow properties","refUnit":"kg"}},{"@type":"Exchange","isAvoidedProduct":false,"isInput":true,"amount":0.041307,"description":"Represents transportation from petroleum refinery to diesel equipment.","internalId":22,"flow":{"@type":"Flow","@id":"acbe5bc4-6afd-31aa-bf3f-4a3fdc491945","name":"Transport, pipeline, unspecified petroleum products","category":"Technosphere Flows/48-49: Transportation and Warehousing/4869: Other Pipeline Transportation","flowType":"PRODUCT_FLOW","location":"RNA","refUnit":"t*km"},"unit":{"@type":"Unit","@id":"0dea4ed8-bb6b-4049-b2b4-b2c413ef2180","name":"t*km"},"flowProperty":{"@type":"FlowProperty","@id":"838aaa20-0117-11db-92e3-0800200c9a66","name":"Goods transport (mass*distance)","category":"Technical flow properties","refUnit":"t*km"},"defaultProvider":{"@type":"Process","@id":"0855376f-1ec5-3f3e-bead-959c932539b7","name":"Transport, pipeline, unspecified petroleum products","category":"48-49: Transportation and Warehousing/4869: Other Pipeline Transportation","processType":"UNIT_PROCESS","flowType":"PRODUCT_FLOW","location":"RNA"}},{"@type":"Exchange","isAvoidedProduct":false,"isInput":true,"amount":0.0052453,"description":"Represents transportation from petroleum refinery to diesel equipment.","internalId":20,"flow":{"@type":"Flow","@id":"2afb4e2f-b224-3900-956f-03e3f27b276b","name":"Transport, combination truck, average fuel mix","category":"Technosphere Flows/48-49: Transportation and Warehousing/4841: General Freight Trucking","flowType":"PRODUCT_FLOW","location":"RNA","refUnit":"t*km"},"unit":{"@type":"Unit","@id":"0dea4ed8-bb6b-4049-b2b4-b2c413ef2180","name":"t*km"},"flowProperty":{"@type":"FlowProperty","@id":"838aaa20-0117-11db-92e3-0800200c9a66","name":"Goods transport (mass*distance)","category":"Technical flow properties","refUnit":"t*km"},"defaultProvider":{"@type":"Process","@id":"dce702f1-03a1-3fe9-bb48-94a5217fd8cb","name":"Transport, combination truck, average fuel mix","category":"48-49: Transportation and Warehousing/4841: General Freight Trucking","processType":"UNIT_PROCESS","flowType":"PRODUCT_FLOW","location":"RNA"}},{"@type":"Exchange","isAvoidedProduct":false,"isInput":true,"amount":1.0,"internalId":16,"flow":{"@type":"Flow","@id":"d939590b-a0d7-310c-8952-9921ed64a078","name":"Diesel, at refinery","category":"Technosphere Flows/31-33: Manufacturing/3241: Petroleum and Coal Products Manufacturing","flowType":"PRODUCT_FLOW","refUnit":"m3"},"unit":{"@type":"Unit","@id":"b80a512e-e402-4363-8ad0-7d02dcf4a459","name":"l"},"flowProperty":{"@type":"FlowProperty","@id":"93a60a56-a3c8-22da-a746-0800200c9a66","name":"Volume","category":"Technical flow properties","refUnit":"m3"},"defaultProvider":{"@type":"Process","@id":"0aaf1e13-5d80-37f9-b7bb-81a6b8965c71","name":"Petroleum refining, at refinery","category":"31-33: Manufacturing/3241: Petroleum and Coal Products Manufacturing","processType":"UNIT_PROCESS","flowType":"PRODUCT_FLOW","location":"US"}},{"@type":"Exchange","isAvoidedProduct":false,"isInput":false,"amount":5.986E-4,"internalId":6,"flow":{"@type":"Flow","@id":"42e4c3cb-8468-3004-bd4b-19e6cbb81687","name":"Sulfur oxides","category":"Elementary flows/emission/air","flowType":"ELEMENTARY_FLOW","refUnit":"kg"},"unit":{"@type":"Unit","@id":"20aadc24-a391-41cf-b340-3e4529f44bde","name":"kg"},"flowProperty":{"@type":"FlowProperty","@id":"93a60a56-a3c8-11da-a746-0800200b9a66","name":"Mass","category":"Technical flow properties","refUnit":"kg"}},{"@type":"Exchange","isAvoidedProduct":false,"isInput":false,"amount":1.5506E-5,"internalId":12,"flow":{"@type":"Flow","@id":"565c5d1a-1e0e-35f3-82a0-4845c43d3dcf","name":"Benzene","category":"Elementary flows/emission/air","flowType":"ELEMENTARY_FLOW","refUnit":"kg"},"unit":{"@type":"Unit","@id":"20aadc24-a391-41cf-b340-3e4529f44bde","name":"kg"},"flowProperty":{"@type":"FlowProperty","@id":"93a60a56-a3c8-11da-a746-0800200b9a66","name":"Mass","category":"Technical flow properties","refUnit":"kg"}},{"@type":"Exchange","isAvoidedProduct":false,"isInput":false,"amount":6.7975E-6,"internalId":9,"flow":{"@type":"Flow","@id":"3f72fe9c-b003-38ee-b8d2-13a84f60506c","name":"Toluene","category":"Elementary flows/emission/air","flowType":"ELEMENTARY_FLOW","refUnit":"kg"},"unit":{"@type":"Unit","@id":"20aadc24-a391-41cf-b340-3e4529f44bde","name":"kg"},"flowProperty":{"@type":"FlowProperty","@id":"93a60a56-a3c8-11da-a746-0800200b9a66","name":"Mass","category":"Technical flow properties","refUnit":"kg"}},{"@type":"Exchange","isAvoidedProduct":false,"isInput":false,"amount":2.701,"internalId":3,"flow":{"@type":"Flow","@id":"b6f010fb-a764-3063-af2d-bcb8309a97b7","name":"Carbon dioxide","category":"Elementary flows/emission/air","flowType":"ELEMENTARY_FLOW","refUnit":"kg"},"unit":{"@type":"Unit","@id":"20aadc24-a391-41cf-b340-3e4529f44bde","name":"kg"},"flowProperty":{"@type":"FlowProperty","@id":"93a60a56-a3c8-11da-a746-0800200b9a66","name":"Mass","category":"Technical flow properties","refUnit":"kg"}},{"@type":"Exchange","isAvoidedProduct":false,"isInput":false,"amount":2.7921E-6,"internalId":8,"flow":{"@type":"Flow","@id":"3bf6bb55-a2d2-36a1-988c-3caf0d73baf9","name":"Polycyclic aromatic hydrocarbons","category":"Elementary flows/emission/air","flowType":"ELEMENTARY_FLOW","refUnit":"kg"},"unit":{"@type":"Unit","@id":"20aadc24-a391-41cf-b340-3e4529f44bde","name":"kg"},"flowProperty":{"@type":"FlowProperty","@id":"93a60a56-a3c8-11da-a746-0800200b9a66","name":"Mass","category":"Technical flow properties","refUnit":"kg"}},{"@type":"Exchange","isAvoidedProduct":false,"isInput":false,"amount":0.0016503,"internalId":18,"flow":{"@type":"Flow","@id":"5a939c2b-cebf-3060-8862-4a8650caf6dd","name":"Particulate matter, ≤ 10μm","category":"Elementary flows/emission/air","flowType":"ELEMENTARY_FLOW","refUnit":"kg"},"unit":{"@type":"Unit","@id":"20aadc24-a391-41cf-b340-3e4529f44bde","name":"kg"},"flowProperty":{"@type":"FlowProperty","@id":"93a60a56-a3c8-11da-a746-0800200b9a66","name":"Mass","category":"Technical flow properties","refUnit":"kg"}},{"@type":"Exchange","isAvoidedProduct":false,"isInput":false,"amount":1.3363E-4,"internalId":10,"flow":{"@type":"Flow","@id":"aab83476-ec6c-3742-af85-15d320b7ce80","name":"Methane","category":"Elementary flows/emission/air","flowType":"ELEMENTARY_FLOW","refUnit":"kg"},"unit":{"@type":"Unit","@id":"20aadc24-a391-41cf-b340-3e4529f44bde","name":"kg"},"flowProperty":{"@type":"FlowProperty","@id":"93a60a56-a3c8-11da-a746-0800200b9a66","name":"Mass","category":"Technical flow properties","refUnit":"kg"}},{"@type":"Exchange","isAvoidedProduct":false,"isInput":false,"amount":6.7831E-5,"internalId":14,"flow":{"@type":"Flow","@id":"cfee0524-7ad6-300b-b050-6249135a2492","name":"Nitrous oxide","category":"Elementary flows/emission/air","flowType":"ELEMENTARY_FLOW","refUnit":"kg"},"unit":{"@type":"Unit","@id":"20aadc24-a391-41cf-b340-3e4529f44bde","name":"kg"},"flowProperty":{"@type":"FlowProperty","@id":"93a60a56-a3c8-11da-a746-0800200b9a66","name":"Mass","category":"Technical flow properties","refUnit":"kg"}}],"socialAspects":[],"allocationFactors":[]}