{"@type":"Process","@id":"d9cadd89-4203-375a-903a-63197cd29c6a","name":"Ethanol, denatured, forest residues, thermochem","description":"Data curators applied allocation based on the underlying study (12/24). Mixed alcohols are a co-product in the thermochemical process, and its impact is accounted for by means of an energy allocation between ethanol and mixed alcohols based on their LHV. (Hsu, et al., 2010) The term “mixed alcohols” refers to a mixture of C1 – C8 alcohols, with preference towards the higher alcohols (C2-C6).  Mixed alcohols catalysts are typically categorized into several groups based on their composition and/or derivation. (NREL, 2007) Allocation was performed assuming the LHV of ethanol \u003d 29.7 MJ/kg and the LHV of mixed alcohols \u003d 34.4 MJ/kg (using butanol as a proxy for mixed alcohols).","category":"31-33: Manufacturing/3251: Basic Chemical Manufacturing","version":"00.00.016","lastChange":"2024-12-20T19:52:18.105Z","processType":"UNIT_PROCESS","defaultAllocationMethod":"CAUSAL_ALLOCATION","isInfrastructureProcess":false,"location":{"@type":"Location","@id":"b320e7db-c758-3ba6-8839-81eb83c9d7d7","name":"Northern America"},"processDocumentation":{"validFrom":"2004-12-31","validUntil":"2009-12-30","timeDescription":"2005-2009","geographyDescription":"North America","technologyDescription":"modern","sources":[{"@type":"Source","@id":"5e8e63da-4488-3b1d-98fb-446078a7cfac","name":"Hess, J. "},{"@type":"Source","@id":"a1d1d73e-7d93-3a6b-a3bc-3b2f4f025b86","name":"Hsu, D. "},{"@type":"Source","@id":"ee632442-d00e-4e1d-8dca-58ccf93abcf1","name":"National Renewable Energy Laboratory, 2007, Thermochemical Ethanol"}],"dataGenerator":{"@type":"Actor","@id":"04ed125f-ffa7-33b1-af24-77f5bdb21a05","name":"Daniel Inman","category":"Persons"},"dataDocumentor":{"@type":"Actor","@id":"04ed125f-ffa7-33b1-af24-77f5bdb21a05","name":"Daniel Inman","category":"Persons"},"creationDate":"2015-08-20T19:31:43.030Z","publication":{"@type":"Source","@id":"a1d1d73e-7d93-3a6b-a3bc-3b2f4f025b86","name":"Hsu, D. "},"isCopyrightProtected":false,"restrictionsDescription":"All information can be accessed by everybody."},"lastInternalId":36,"parameters":[],"exchanges":[{"@type":"Exchange","isAvoidedProduct":false,"isInput":false,"amount":3787.0,"internalId":2,"flow":{"@type":"Flow","@id":"0cdd9079-9cf3-33c9-ab62-9d734c03f7df","name":"Mixed Alcohols, thermochemical process","category":"Technosphere Flows/31-33: Manufacturing/3251: Basic Chemical Manufacturing","flowType":"PRODUCT_FLOW","location":"RNA","refUnit":"kg"},"unit":{"@type":"Unit","@id":"20aadc24-a391-41cf-b340-3e4529f44bde","name":"kg"},"flowProperty":{"@type":"FlowProperty","@id":"93a60a56-a3c8-11da-a746-0800200b9a66","name":"Mass","category":"Technical flow properties","refUnit":"kg"}},{"@type":"Exchange","isAvoidedProduct":false,"isInput":true,"amount":244.03,"description":"olivine added to make up for loss in recycle. calculated based on regression fit of several aspen sensitivity runs.","internalId":15,"flow":{"@type":"Flow","@id":"0cc6f1f6-5ff4-36c7-ba84-472348971d75","name":"Silica sand, at plant","category":"Technosphere Flows/CUTOFF Flows","flowType":"PRODUCT_FLOW","refUnit":"kg"},"unit":{"@type":"Unit","@id":"20aadc24-a391-41cf-b340-3e4529f44bde","name":"kg"},"flowProperty":{"@type":"FlowProperty","@id":"93a60a56-a3c8-11da-a746-0800200b9a66","name":"Mass","category":"Technical flow properties","refUnit":"kg"}},{"@type":"Exchange","isAvoidedProduct":false,"isInput":true,"amount":0.39916,"description":"boiler chemicals http://www.accepta.com/water_treatment_chemicals/boiler-water-treatment.asp","internalId":34,"flow":{"@type":"Flow","@id":"57ce615d-ee8c-3c8d-8693-356b330f8445","name":"Sulphite, at plant","category":"Technosphere Flows/CUTOFF Flows","flowType":"PRODUCT_FLOW","refUnit":"kg"},"unit":{"@type":"Unit","@id":"20aadc24-a391-41cf-b340-3e4529f44bde","name":"kg"},"flowProperty":{"@type":"FlowProperty","@id":"93a60a56-a3c8-11da-a746-0800200b9a66","name":"Mass","category":"Technical flow properties","refUnit":"kg"}},{"@type":"Exchange","isAvoidedProduct":false,"isInput":true,"amount":0.39916,"description":"boiler chemicals http://www.accepta.com/water_treatment_chemicals/boiler-water-treatment.asp","internalId":32,"flow":{"@type":"Flow","@id":"1a0678a7-09b1-339d-8f05-259a14f0ab84","name":"Hydrochloric acid, without water, in 30% solution state, at plant ","category":"Technosphere Flows/31-33: Manufacturing/3251: Basic Chemical Manufacturing","flowType":"PRODUCT_FLOW","location":"RNA","refUnit":"kg"},"unit":{"@type":"Unit","@id":"20aadc24-a391-41cf-b340-3e4529f44bde","name":"kg"},"flowProperty":{"@type":"FlowProperty","@id":"93a60a56-a3c8-11da-a746-0800200b9a66","name":"Mass","category":"Technical flow properties","refUnit":"kg"},"defaultProvider":{"@type":"Process","@id":"9ee66dd5-dcc9-3e94-9da3-3a7cc6cddeb3","name":"Hydrochloric acid, without water, in 30% solution state, at plant ","category":"31-33: Manufacturing/3251: Basic Chemical Manufacturing","processType":"LCI_RESULT","flowType":"PRODUCT_FLOW","location":"RNA"}},{"@type":"Exchange","isAvoidedProduct":false,"isInput":true,"amount":5.95E-6,"internalId":4,"flow":{"@type":"Flow","@id":"e42f7027-df85-352b-9eac-ae48dbd7b141","name":"Thermochemical Conversion Plant","category":"Technosphere Flows/CUTOFF Flows","flowType":"PRODUCT_FLOW","refUnit":"Item(s)"},"unit":{"@type":"Unit","@id":"6dabe201-aaac-4509-92f0-d00c26cb72ab","name":"Item(s)"},"flowProperty":{"@type":"FlowProperty","@id":"01846770-4cfe-4a25-8ad9-919d8d378345","name":"Number of items","category":"Technical flow properties","refUnit":"Item(s)"}},{"@type":"Exchange","isAvoidedProduct":false,"isInput":false,"amount":107500.0,"description":"calculated based on regression fit of several aspen sensitivity runs.","internalId":21,"flow":{"@type":"Flow","@id":"b6f010fb-a764-3063-af2d-bcb8309a97b7","name":"Carbon dioxide","category":"Elementary flows/emission/air","flowType":"ELEMENTARY_FLOW","refUnit":"kg"},"unit":{"@type":"Unit","@id":"20aadc24-a391-41cf-b340-3e4529f44bde","name":"kg"},"flowProperty":{"@type":"FlowProperty","@id":"93a60a56-a3c8-11da-a746-0800200b9a66","name":"Mass","category":"Technical flow properties","refUnit":"kg"}},{"@type":"Exchange","isAvoidedProduct":false,"isInput":true,"amount":11968.0,"description":"From gasoline","internalId":20,"flow":{"@type":"Flow","@id":"f670bb2d-c28a-3a08-9b9c-cc50bca5d126","name":"Energy, output","category":"Technosphere Flows/CUTOFF Flows","flowType":"PRODUCT_FLOW","refUnit":"MJ"},"unit":{"@type":"Unit","@id":"52765a6c-3896-43c2-b2f4-c679acf13efe","name":"MJ"},"flowProperty":{"@type":"FlowProperty","@id":"f6811440-ee37-11de-8a39-0800200c9a66","name":"Energy","category":"Technical flow properties","refUnit":"MJ"}},{"@type":"Exchange","isAvoidedProduct":false,"isInput":false,"amount":1102.2,"description":"add wood, ash, and char together and olivine. calculated based on regression fit of several aspen sensitivity runs.","internalId":36,"flow":{"@type":"Flow","@id":"09b494b5-eb57-4844-aec5-f87160089e0d","name":"Disposal, wood ash mixture, pure, 0% water, to sanitary landfill","category":"Technosphere Flows/CUTOFF Flows/CUTOFF Waste Flows","flowType":"WASTE_FLOW","refUnit":"kg"},"unit":{"@type":"Unit","@id":"20aadc24-a391-41cf-b340-3e4529f44bde","name":"kg"},"flowProperty":{"@type":"FlowProperty","@id":"93a60a56-a3c8-11da-a746-0800200b9a66","name":"Mass","category":"Technical flow properties","refUnit":"kg"}},{"@type":"Exchange","isAvoidedProduct":false,"isInput":false,"amount":0.45359,"description":"Cooling tower chemicals. Assumed all were inorganic.","internalId":33,"flow":{"@type":"Flow","@id":"65b5d5dd-95b5-36b2-8cb0-7c5501ff1e32","name":"Ammonia","category":"Elementary flows/emission/air","flowType":"ELEMENTARY_FLOW","refUnit":"kg"},"unit":{"@type":"Unit","@id":"20aadc24-a391-41cf-b340-3e4529f44bde","name":"kg"},"flowProperty":{"@type":"FlowProperty","@id":"93a60a56-a3c8-11da-a746-0800200b9a66","name":"Mass","category":"Technical flow properties","refUnit":"kg"}},{"@type":"Exchange","isAvoidedProduct":false,"isInput":true,"amount":3.1615,"description":"calculated based on regression fit of several aspen sensitivity runs.","internalId":25,"flow":{"@type":"Flow","@id":"0f2bfe0f-76ff-36cb-bc35-abca9c747602","name":"Magnesium oxide, at plant","category":"Technosphere Flows/CUTOFF Flows","flowType":"PRODUCT_FLOW","refUnit":"kg"},"unit":{"@type":"Unit","@id":"20aadc24-a391-41cf-b340-3e4529f44bde","name":"kg"},"flowProperty":{"@type":"FlowProperty","@id":"93a60a56-a3c8-11da-a746-0800200b9a66","name":"Mass","category":"Technical flow properties","refUnit":"kg"}},{"@type":"Exchange","isAvoidedProduct":false,"isInput":true,"amount":0.45359,"internalId":10,"flow":{"@type":"Flow","@id":"91f5f6a2-c435-36ba-9adf-64512fcff252","name":"Chemicals inorganic, at plant","category":"Technosphere Flows/CUTOFF Flows","flowType":"PRODUCT_FLOW","refUnit":"kg"},"unit":{"@type":"Unit","@id":"20aadc24-a391-41cf-b340-3e4529f44bde","name":"kg"},"flowProperty":{"@type":"FlowProperty","@id":"93a60a56-a3c8-11da-a746-0800200b9a66","name":"Mass","category":"Technical flow properties","refUnit":"kg"}},{"@type":"Exchange","isAvoidedProduct":false,"isInput":true,"amount":0.797,"description":"streams 305. calculated based on regression fit of several aspen sensitivity runs.","internalId":29,"flow":{"@type":"Flow","@id":"26b65812-d78d-391e-b9cc-0b1152c31bce","name":"Treatment, sewage, unpolluted, to wastewater treatment, class 3","category":"Technosphere Flows/CUTOFF Flows","flowType":"PRODUCT_FLOW","refUnit":"m3"},"unit":{"@type":"Unit","@id":"1c3a9695-398d-4b1f-b07e-a8715b610f70","name":"m3"},"flowProperty":{"@type":"FlowProperty","@id":"93a60a56-a3c8-22da-a746-0800200c9a66","name":"Volume","category":"Technical flow properties","refUnit":"m3"}},{"@type":"Exchange","isAvoidedProduct":false,"isInput":false,"amount":45.359,"description":"tar reformer catalyst. assumed all goes into landfill, even though some nickel is recovered from catalyst manufacturer.","internalId":35,"flow":{"@type":"Flow","@id":"47300b41-cd04-43fd-b3fa-bc31e42eda36","name":"Disposal, inert material, 0% water, to sanitary landfill","category":"Technosphere Flows/CUTOFF Flows/CUTOFF Waste Flows","flowType":"WASTE_FLOW","refUnit":"kg"},"unit":{"@type":"Unit","@id":"20aadc24-a391-41cf-b340-3e4529f44bde","name":"kg"},"flowProperty":{"@type":"FlowProperty","@id":"93a60a56-a3c8-11da-a746-0800200b9a66","name":"Mass","category":"Technical flow properties","refUnit":"kg"}},{"@type":"Exchange","isAvoidedProduct":false,"isInput":true,"amount":13336.0,"description":"boiler feed water makeup. calculated based on regression fit of several aspen sensitivity runs.","internalId":19,"flow":{"@type":"Flow","@id":"01ec7937-eea7-3830-aaf6-3be74f4d952b","name":"Water","category":"Elementary flows/resource/water/subterranean","flowType":"ELEMENTARY_FLOW","refUnit":"kg"},"unit":{"@type":"Unit","@id":"20aadc24-a391-41cf-b340-3e4529f44bde","name":"kg"},"flowProperty":{"@type":"FlowProperty","@id":"93a60a56-a3c8-11da-a746-0800200b9a66","name":"Mass","category":"Technical flow properties","refUnit":"kg"}},{"@type":"Exchange","isAvoidedProduct":false,"isInput":false,"amount":39.054,"description":"calculated based on regression fit of several aspen sensitivity runs.","internalId":23,"flow":{"@type":"Flow","@id":"f4973035-59f5-3bdc-b257-b274dcc04e0f","name":"Sulfur dioxide","category":"Elementary flows/emission/air","flowType":"ELEMENTARY_FLOW","refUnit":"kg"},"unit":{"@type":"Unit","@id":"20aadc24-a391-41cf-b340-3e4529f44bde","name":"kg"},"flowProperty":{"@type":"FlowProperty","@id":"93a60a56-a3c8-11da-a746-0800200b9a66","name":"Mass","category":"Technical flow properties","refUnit":"kg"}},{"@type":"Exchange","isAvoidedProduct":false,"isInput":false,"amount":253560.0,"description":"calculated based on regression fit of several aspen sensitivity runs.","internalId":11,"flow":{"@type":"Flow","@id":"b11bd361-08c0-33b4-b624-2baae45ed7d8","name":"Nitrogen","category":"Elementary flows/emission/air","flowType":"ELEMENTARY_FLOW","refUnit":"kg"},"unit":{"@type":"Unit","@id":"20aadc24-a391-41cf-b340-3e4529f44bde","name":"kg"},"flowProperty":{"@type":"FlowProperty","@id":"93a60a56-a3c8-11da-a746-0800200b9a66","name":"Mass","category":"Technical flow properties","refUnit":"kg"}},{"@type":"Exchange","isAvoidedProduct":false,"isInput":true,"amount":1.1929E8,"amountFormula":"119290.0*1000","internalId":7,"flow":{"@type":"Flow","@id":"658f8e12-f566-3e01-930c-e95cf9fa2c2b","name":"Forest residue, preprocessed, at conversion facility","category":"Technosphere Flows/48-49: Transportation and Warehousing/4842: Specialized Freight Trucking","flowType":"PRODUCT_FLOW","location":"RNA","refUnit":"kg"},"unit":{"@type":"Unit","@id":"20aadc24-a391-41cf-b340-3e4529f44bde","name":"kg"},"flowProperty":{"@type":"FlowProperty","@id":"93a60a56-a3c8-11da-a746-0800200b9a66","name":"Mass","category":"Technical flow properties","refUnit":"kg"},"defaultProvider":{"@type":"Process","@id":"2753c5de-221b-369a-84de-689d354b8b2d","name":"Forest residue, preprocessed, at conversion facility","category":"48-49: Transportation and Warehousing/4842: Specialized Freight Trucking","processType":"UNIT_PROCESS","flowType":"PRODUCT_FLOW","location":"RNA"}},{"@type":"Exchange","isAvoidedProduct":false,"isInput":true,"amount":73936.0,"description":"cooling tower makeup. includes only streams 618,635,710,711. calculated based on regression fit of several aspen sensitivity runs.","internalId":26,"flow":{"@type":"Flow","@id":"e2eb491c-78ff-3123-9e42-494c7d199b44","name":"Water","category":"Elementary flows/resource/water","flowType":"ELEMENTARY_FLOW","refUnit":"kg"},"unit":{"@type":"Unit","@id":"20aadc24-a391-41cf-b340-3e4529f44bde","name":"kg"},"flowProperty":{"@type":"FlowProperty","@id":"93a60a56-a3c8-11da-a746-0800200b9a66","name":"Mass","category":"Technical flow properties","refUnit":"kg"}},{"@type":"Exchange","isAvoidedProduct":false,"isInput":false,"amount":21183.0,"internalId":6,"flow":{"@type":"Flow","@id":"2656bfd3-ed3c-3fb8-ab93-6597836a463b","name":"Ethanol, denatured, forest residues, thermochem","category":"Technosphere Flows/31-33: Manufacturing/3251: Basic Chemical Manufacturing","flowType":"PRODUCT_FLOW","location":"RNA","refUnit":"kg"},"unit":{"@type":"Unit","@id":"20aadc24-a391-41cf-b340-3e4529f44bde","name":"kg"},"flowProperty":{"@type":"FlowProperty","@id":"93a60a56-a3c8-11da-a746-0800200b9a66","name":"Mass","category":"Technical flow properties","refUnit":"kg"},"isQuantitativeReference":true},{"@type":"Exchange","isAvoidedProduct":false,"isInput":true,"amount":82.9,"description":"No. 2 Diesel fuel, for operating equipment.","internalId":14,"flow":{"@type":"Flow","@id":"d939590b-a0d7-310c-8952-9921ed64a078","name":"Diesel, at refinery","category":"Technosphere Flows/31-33: Manufacturing/3241: Petroleum and Coal Products Manufacturing","flowType":"PRODUCT_FLOW","refUnit":"m3"},"unit":{"@type":"Unit","@id":"b80a512e-e402-4363-8ad0-7d02dcf4a459","name":"l"},"flowProperty":{"@type":"FlowProperty","@id":"93a60a56-a3c8-22da-a746-0800200c9a66","name":"Volume","category":"Technical flow properties","refUnit":"m3"},"defaultProvider":{"@type":"Process","@id":"0aaf1e13-5d80-37f9-b7bb-81a6b8965c71","name":"Petroleum refining, at refinery","category":"31-33: Manufacturing/3241: Petroleum and Coal Products Manufacturing","processType":"UNIT_PROCESS","flowType":"PRODUCT_FLOW","location":"US"}},{"@type":"Exchange","isAvoidedProduct":false,"isInput":true,"amount":390670.0,"description":"char combustor emissions. use heating value for graphite. calculated based on regression fit of several aspen sensitivity runs.","internalId":28,"flow":{"@type":"Flow","@id":"405b0729-a9a8-308e-8f24-c6610f59b351","name":"Combustion, dry wood residue, AP-42","category":"Technosphere Flows/22: Utilities/2213: Water, Sewage and Other Systems","flowType":"PRODUCT_FLOW","location":"RNA","refUnit":"MJ"},"unit":{"@type":"Unit","@id":"52765a6c-3896-43c2-b2f4-c679acf13efe","name":"MJ"},"flowProperty":{"@type":"FlowProperty","@id":"f6811440-ee37-11de-8a39-0800200c9a66","name":"Energy","category":"Technical flow properties","refUnit":"MJ"},"defaultProvider":{"@type":"Process","@id":"6c96a609-cd7e-3f19-a151-27deb823d3e4","name":"Combustion, dry wood residue, AP-42","category":"22: Utilities/2213: Water, Sewage and Other Systems","processType":"UNIT_PROCESS","flowType":"PRODUCT_FLOW","location":"RNA"}},{"@type":"Exchange","isAvoidedProduct":false,"isInput":false,"amount":63049.0,"description":"calculated based on regression fit of several aspen sensitivity runs.","internalId":1,"flow":{"@type":"Flow","@id":"5d0d9a58-22de-3582-a07a-b4c3748f9472","name":"Water","category":"Elementary flows/emission/air/troposphere/rural","flowType":"ELEMENTARY_FLOW","refUnit":"kg"},"unit":{"@type":"Unit","@id":"20aadc24-a391-41cf-b340-3e4529f44bde","name":"kg"},"flowProperty":{"@type":"FlowProperty","@id":"93a60a56-a3c8-11da-a746-0800200b9a66","name":"Mass","category":"Technical flow properties","refUnit":"kg"}},{"@type":"Exchange","isAvoidedProduct":false,"isInput":true,"amount":77564.0,"description":"calculated based on regression fit of several aspen sensitivity runs.","internalId":5,"flow":{"@type":"Flow","@id":"3c12ea56-b2b0-3fb0-9214-46dc9af0ff0b","name":"Oxygen","category":"Elementary flows/resource/air","flowType":"ELEMENTARY_FLOW","refUnit":"kg"},"unit":{"@type":"Unit","@id":"20aadc24-a391-41cf-b340-3e4529f44bde","name":"kg"},"flowProperty":{"@type":"FlowProperty","@id":"93a60a56-a3c8-11da-a746-0800200b9a66","name":"Mass","category":"Technical flow properties","refUnit":"kg"}},{"@type":"Exchange","isAvoidedProduct":false,"isInput":false,"amount":12020.0,"description":"calculated based on regression fit of several aspen sensitivity runs.","internalId":13,"flow":{"@type":"Flow","@id":"22144b1f-4fc0-3643-953b-ede9a14e9ed4","name":"Oxygen","category":"Elementary flows/emission/air","flowType":"ELEMENTARY_FLOW","refUnit":"kg"},"unit":{"@type":"Unit","@id":"20aadc24-a391-41cf-b340-3e4529f44bde","name":"kg"},"flowProperty":{"@type":"FlowProperty","@id":"93a60a56-a3c8-11da-a746-0800200b9a66","name":"Mass","category":"Technical flow properties","refUnit":"kg"}},{"@type":"Exchange","isAvoidedProduct":false,"isInput":true,"amount":0.39916,"description":"boiler chemicals http://www.accepta.com/water_treatment_chemicals/boiler-water-treatment.asp.  Proxy:  Sodium hydroxide, 50% in H2O, production mix, at plant/RER with US electricity U","internalId":16,"flow":{"@type":"Flow","@id":"d12c4a32-12a8-4673-9b14-5d227d2a128e","name":"Sodium hydroxide; chlor-alkali average, membrane cell; at plant; 50% solution state","category":"Technosphere Flows/31-33: Manufacturing/3251: Basic Chemical Manufacturing","flowType":"PRODUCT_FLOW","refUnit":"kg"},"unit":{"@type":"Unit","@id":"20aadc24-a391-41cf-b340-3e4529f44bde","name":"kg"},"flowProperty":{"@type":"FlowProperty","@id":"93a60a56-a3c8-11da-a746-0800200b9a66","name":"Mass","category":"Technical flow properties","refUnit":"kg"},"defaultProvider":{"@type":"Process","@id":"344a7ac0-8c18-4869-bb63-3e44e811a1d9","name":"Sodium hydroxide; chlor-alkali average, membrane cell; at plant; 50% solution state","category":"31-33: Manufacturing/3251: Basic Chemical Manufacturing","processType":"UNIT_PROCESS","flowType":"PRODUCT_FLOW","location":"RNA"}},{"@type":"Exchange","isAvoidedProduct":false,"isInput":true,"amount":45.359,"description":"tar reformer catalyst","internalId":24,"flow":{"@type":"Flow","@id":"8f395d18-ce0c-39a8-b548-b184a6b9ee68","name":"Zeolite, powder, at plant","category":"Technosphere Flows/CUTOFF Flows","flowType":"PRODUCT_FLOW","refUnit":"kg"},"unit":{"@type":"Unit","@id":"20aadc24-a391-41cf-b340-3e4529f44bde","name":"kg"},"flowProperty":{"@type":"FlowProperty","@id":"93a60a56-a3c8-11da-a746-0800200b9a66","name":"Mass","category":"Technical flow properties","refUnit":"kg"}},{"@type":"Exchange","isAvoidedProduct":false,"isInput":true,"amount":832.0,"description":"About a 0.6% impurity content in product stream (water, CO2, alcohols)","internalId":12,"flow":{"@type":"Flow","@id":"0e44e579-abb0-3c77-af64-c774d65be529","name":"Gasoline, at refinery","category":"Technosphere Flows/31-33: Manufacturing/3241: Petroleum and Coal Products Manufacturing","flowType":"PRODUCT_FLOW","refUnit":"m3"},"unit":{"@type":"Unit","@id":"b80a512e-e402-4363-8ad0-7d02dcf4a459","name":"l"},"flowProperty":{"@type":"FlowProperty","@id":"93a60a56-a3c8-22da-a746-0800200c9a66","name":"Volume","category":"Technical flow properties","refUnit":"m3"},"defaultProvider":{"@type":"Process","@id":"0aaf1e13-5d80-37f9-b7bb-81a6b8965c71","name":"Petroleum refining, at refinery","category":"31-33: Manufacturing/3241: Petroleum and Coal Products Manufacturing","processType":"UNIT_PROCESS","flowType":"PRODUCT_FLOW","location":"US"}},{"@type":"Exchange","isAvoidedProduct":false,"isInput":true,"amount":253560.0,"description":"calculated based on regression fit of several aspen sensitivity runs.","internalId":22,"flow":{"@type":"Flow","@id":"e0b92d26-4203-3ae4-aa2d-db74fab4711b","name":"Nitrogen","category":"Elementary flows/resource/air","flowType":"ELEMENTARY_FLOW","refUnit":"kg"},"unit":{"@type":"Unit","@id":"20aadc24-a391-41cf-b340-3e4529f44bde","name":"kg"},"flowProperty":{"@type":"FlowProperty","@id":"93a60a56-a3c8-11da-a746-0800200b9a66","name":"Mass","category":"Technical flow properties","refUnit":"kg"}},{"@type":"Exchange","isAvoidedProduct":false,"isInput":true,"amount":41730.0,"description":"Use plywood drying as approximationg. area100 drying. mass is oven-dried wood mass. calculated based on regression fit of several aspen sensitivity runs.","internalId":17,"flow":{"@type":"Flow","@id":"4b5cad63-18f1-30c7-ae7c-79f60094c8f0","name":"Heat, indirect, heated zones, softwood, plywood veneer drying, AP-42","category":"Technosphere Flows/31-33: Manufacturing/3212: Veneer, Plywood, and Engineered Wood Product Manufacturing","flowType":"PRODUCT_FLOW","location":"RNA","refUnit":"kg"},"unit":{"@type":"Unit","@id":"20aadc24-a391-41cf-b340-3e4529f44bde","name":"kg"},"flowProperty":{"@type":"FlowProperty","@id":"93a60a56-a3c8-11da-a746-0800200b9a66","name":"Mass","category":"Technical flow properties","refUnit":"kg"},"defaultProvider":{"@type":"Process","@id":"0853441e-0b11-30f6-87c5-00ca7df78e21","name":"Heat, indirect, heated zones, softwood, plywood veneer drying, AP-42","category":"31-33: Manufacturing/3212: Veneer, Plywood, and Engineered Wood Product Manufacturing","processType":"UNIT_PROCESS","flowType":"PRODUCT_FLOW","location":"RNA"}},{"@type":"Exchange","isAvoidedProduct":false,"isInput":true,"amount":27.216,"description":"Amine in Aspen model","internalId":3,"flow":{"@type":"Flow","@id":"de044d6a-cc59-3669-a18d-89ebaa435b1e","name":"Monoethanolamine, MEA, at plant","category":"Technosphere Flows/CUTOFF Flows","flowType":"PRODUCT_FLOW","refUnit":"kg"},"unit":{"@type":"Unit","@id":"20aadc24-a391-41cf-b340-3e4529f44bde","name":"kg"},"flowProperty":{"@type":"FlowProperty","@id":"93a60a56-a3c8-11da-a746-0800200b9a66","name":"Mass","category":"Technical flow properties","refUnit":"kg"}},{"@type":"Exchange","isAvoidedProduct":false,"isInput":false,"amount":53.52,"internalId":18,"flow":{"@type":"Flow","@id":"80e4ff02-d959-3ec5-a5df-3ed385d7df0c","name":"Sulfur, thermochemical process","category":"Technosphere Flows/31-33: Manufacturing/3251: Basic Chemical Manufacturing","flowType":"PRODUCT_FLOW","location":"RNA","refUnit":"kg"},"unit":{"@type":"Unit","@id":"20aadc24-a391-41cf-b340-3e4529f44bde","name":"kg"},"flowProperty":{"@type":"FlowProperty","@id":"93a60a56-a3c8-11da-a746-0800200b9a66","name":"Mass","category":"Technical flow properties","refUnit":"kg"}},{"@type":"Exchange","isAvoidedProduct":false,"isInput":false,"amount":83.915,"description":"calculated based on regression fit of several aspen sensitivity runs.","internalId":30,"flow":{"@type":"Flow","@id":"a742c00e-7148-3f99-9ecc-16bb46bd2f4f","name":"Nitrogen dioxide","category":"Elementary flows/emission/air","flowType":"ELEMENTARY_FLOW","refUnit":"kg"},"unit":{"@type":"Unit","@id":"20aadc24-a391-41cf-b340-3e4529f44bde","name":"kg"},"flowProperty":{"@type":"FlowProperty","@id":"93a60a56-a3c8-11da-a746-0800200b9a66","name":"Mass","category":"Technical flow properties","refUnit":"kg"}}],"socialAspects":[],"allocationFactors":[{"allocationType":"CAUSAL_ALLOCATION","exchange":{"@type":"Exchange","internalId":29,"flow":{"@type":"Flow","@id":"26b65812-d78d-391e-b9cc-0b1152c31bce","name":"Treatment, sewage, unpolluted, to wastewater treatment, class 3","category":"Technosphere Flows/CUTOFF Flows","flowType":"PRODUCT_FLOW","refUnit":"m3"}},"product":{"@type":"Flow","@id":"0cdd9079-9cf3-33c9-ab62-9d734c03f7df","name":"Mixed Alcohols, thermochemical process","category":"Technosphere Flows/31-33: Manufacturing/3251: Basic Chemical Manufacturing","flowType":"PRODUCT_FLOW","location":"RNA","refUnit":"kg"},"value":0.536661466},{"allocationType":"CAUSAL_ALLOCATION","exchange":{"@type":"Exchange","internalId":23,"flow":{"@type":"Flow","@id":"f4973035-59f5-3bdc-b257-b274dcc04e0f","name":"Sulfur dioxide","category":"Elementary flows/emission/air","flowType":"ELEMENTARY_FLOW","refUnit":"kg"}},"product":{"@type":"Flow","@id":"0cdd9079-9cf3-33c9-ab62-9d734c03f7df","name":"Mixed Alcohols, thermochemical process","category":"Technosphere Flows/31-33: Manufacturing/3251: Basic Chemical Manufacturing","flowType":"PRODUCT_FLOW","location":"RNA","refUnit":"kg"},"value":0.536661466},{"allocationType":"CAUSAL_ALLOCATION","exchange":{"@type":"Exchange","internalId":36,"flow":{"@type":"Flow","@id":"09b494b5-eb57-4844-aec5-f87160089e0d","name":"Disposal, wood ash mixture, pure, 0% water, to sanitary landfill","category":"Technosphere Flows/CUTOFF Flows/CUTOFF Waste Flows","flowType":"WASTE_FLOW","refUnit":"kg"}},"product":{"@type":"Flow","@id":"2656bfd3-ed3c-3fb8-ab93-6597836a463b","name":"Ethanol, denatured, forest residues, thermochem","category":"Technosphere Flows/31-33: Manufacturing/3251: Basic Chemical Manufacturing","flowType":"PRODUCT_FLOW","location":"RNA","refUnit":"kg"},"value":0.463338534},{"allocationType":"CAUSAL_ALLOCATION","exchange":{"@type":"Exchange","internalId":30,"flow":{"@type":"Flow","@id":"a742c00e-7148-3f99-9ecc-16bb46bd2f4f","name":"Nitrogen dioxide","category":"Elementary flows/emission/air","flowType":"ELEMENTARY_FLOW","refUnit":"kg"}},"product":{"@type":"Flow","@id":"0cdd9079-9cf3-33c9-ab62-9d734c03f7df","name":"Mixed Alcohols, thermochemical process","category":"Technosphere Flows/31-33: Manufacturing/3251: Basic Chemical Manufacturing","flowType":"PRODUCT_FLOW","location":"RNA","refUnit":"kg"},"value":0.536661466},{"allocationType":"PHYSICAL_ALLOCATION","product":{"@type":"Flow","@id":"0cdd9079-9cf3-33c9-ab62-9d734c03f7df","name":"Mixed Alcohols, thermochemical process","category":"Technosphere Flows/31-33: Manufacturing/3251: Basic Chemical Manufacturing","flowType":"PRODUCT_FLOW","location":"RNA","refUnit":"kg"},"value":0.15133762156563105},{"allocationType":"CAUSAL_ALLOCATION","exchange":{"@type":"Exchange","internalId":16,"flow":{"@type":"Flow","@id":"d12c4a32-12a8-4673-9b14-5d227d2a128e","name":"Sodium hydroxide; chlor-alkali average, membrane cell; at plant; 50% solution state","category":"Technosphere Flows/31-33: Manufacturing/3251: Basic Chemical Manufacturing","flowType":"PRODUCT_FLOW","refUnit":"kg"}},"product":{"@type":"Flow","@id":"80e4ff02-d959-3ec5-a5df-3ed385d7df0c","name":"Sulfur, thermochemical process","category":"Technosphere Flows/31-33: Manufacturing/3251: Basic Chemical Manufacturing","flowType":"PRODUCT_FLOW","location":"RNA","refUnit":"kg"},"value":0.0},{"allocationType":"CAUSAL_ALLOCATION","exchange":{"@type":"Exchange","internalId":28,"flow":{"@type":"Flow","@id":"405b0729-a9a8-308e-8f24-c6610f59b351","name":"Combustion, dry wood residue, AP-42","category":"Technosphere Flows/22: Utilities/2213: Water, Sewage and Other Systems","flowType":"PRODUCT_FLOW","location":"RNA","refUnit":"MJ"}},"product":{"@type":"Flow","@id":"2656bfd3-ed3c-3fb8-ab93-6597836a463b","name":"Ethanol, denatured, forest residues, thermochem","category":"Technosphere Flows/31-33: Manufacturing/3251: Basic Chemical Manufacturing","flowType":"PRODUCT_FLOW","location":"RNA","refUnit":"kg"},"value":0.463338534},{"allocationType":"CAUSAL_ALLOCATION","exchange":{"@type":"Exchange","internalId":24,"flow":{"@type":"Flow","@id":"8f395d18-ce0c-39a8-b548-b184a6b9ee68","name":"Zeolite, powder, at plant","category":"Technosphere Flows/CUTOFF Flows","flowType":"PRODUCT_FLOW","refUnit":"kg"}},"product":{"@type":"Flow","@id":"0cdd9079-9cf3-33c9-ab62-9d734c03f7df","name":"Mixed Alcohols, thermochemical process","category":"Technosphere Flows/31-33: Manufacturing/3251: Basic Chemical Manufacturing","flowType":"PRODUCT_FLOW","location":"RNA","refUnit":"kg"},"value":0.536661466},{"allocationType":"CAUSAL_ALLOCATION","exchange":{"@type":"Exchange","internalId":3,"flow":{"@type":"Flow","@id":"de044d6a-cc59-3669-a18d-89ebaa435b1e","name":"Monoethanolamine, MEA, at plant","category":"Technosphere Flows/CUTOFF Flows","flowType":"PRODUCT_FLOW","refUnit":"kg"}},"product":{"@type":"Flow","@id":"0cdd9079-9cf3-33c9-ab62-9d734c03f7df","name":"Mixed Alcohols, thermochemical process","category":"Technosphere Flows/31-33: Manufacturing/3251: Basic Chemical Manufacturing","flowType":"PRODUCT_FLOW","location":"RNA","refUnit":"kg"},"value":0.536661466},{"allocationType":"CAUSAL_ALLOCATION","exchange":{"@type":"Exchange","internalId":16,"flow":{"@type":"Flow","@id":"d12c4a32-12a8-4673-9b14-5d227d2a128e","name":"Sodium hydroxide; chlor-alkali average, membrane cell; at plant; 50% solution state","category":"Technosphere Flows/31-33: Manufacturing/3251: Basic Chemical Manufacturing","flowType":"PRODUCT_FLOW","refUnit":"kg"}},"product":{"@type":"Flow","@id":"0cdd9079-9cf3-33c9-ab62-9d734c03f7df","name":"Mixed Alcohols, thermochemical process","category":"Technosphere Flows/31-33: Manufacturing/3251: Basic Chemical Manufacturing","flowType":"PRODUCT_FLOW","location":"RNA","refUnit":"kg"},"value":0.536661466},{"allocationType":"CAUSAL_ALLOCATION","exchange":{"@type":"Exchange","internalId":5,"flow":{"@type":"Flow","@id":"3c12ea56-b2b0-3fb0-9214-46dc9af0ff0b","name":"Oxygen","category":"Elementary flows/resource/air","flowType":"ELEMENTARY_FLOW","refUnit":"kg"}},"product":{"@type":"Flow","@id":"80e4ff02-d959-3ec5-a5df-3ed385d7df0c","name":"Sulfur, thermochemical process","category":"Technosphere Flows/31-33: Manufacturing/3251: Basic Chemical Manufacturing","flowType":"PRODUCT_FLOW","location":"RNA","refUnit":"kg"},"value":0.0},{"allocationType":"CAUSAL_ALLOCATION","exchange":{"@type":"Exchange","internalId":36,"flow":{"@type":"Flow","@id":"09b494b5-eb57-4844-aec5-f87160089e0d","name":"Disposal, wood ash mixture, pure, 0% water, to sanitary landfill","category":"Technosphere Flows/CUTOFF Flows/CUTOFF Waste Flows","flowType":"WASTE_FLOW","refUnit":"kg"}},"product":{"@type":"Flow","@id":"80e4ff02-d959-3ec5-a5df-3ed385d7df0c","name":"Sulfur, thermochemical process","category":"Technosphere Flows/31-33: Manufacturing/3251: Basic Chemical Manufacturing","flowType":"PRODUCT_FLOW","location":"RNA","refUnit":"kg"},"value":0.0},{"allocationType":"CAUSAL_ALLOCATION","exchange":{"@type":"Exchange","internalId":13,"flow":{"@type":"Flow","@id":"22144b1f-4fc0-3643-953b-ede9a14e9ed4","name":"Oxygen","category":"Elementary flows/emission/air","flowType":"ELEMENTARY_FLOW","refUnit":"kg"}},"product":{"@type":"Flow","@id":"2656bfd3-ed3c-3fb8-ab93-6597836a463b","name":"Ethanol, denatured, forest residues, thermochem","category":"Technosphere Flows/31-33: Manufacturing/3251: Basic Chemical Manufacturing","flowType":"PRODUCT_FLOW","location":"RNA","refUnit":"kg"},"value":0.463338534},{"allocationType":"PHYSICAL_ALLOCATION","product":{"@type":"Flow","@id":"2656bfd3-ed3c-3fb8-ab93-6597836a463b","name":"Ethanol, denatured, forest residues, thermochem","category":"Technosphere Flows/31-33: Manufacturing/3251: Basic Chemical Manufacturing","flowType":"PRODUCT_FLOW","location":"RNA","refUnit":"kg"},"value":0.8465235906059579},{"allocationType":"CAUSAL_ALLOCATION","exchange":{"@type":"Exchange","internalId":21,"flow":{"@type":"Flow","@id":"b6f010fb-a764-3063-af2d-bcb8309a97b7","name":"Carbon dioxide","category":"Elementary flows/emission/air","flowType":"ELEMENTARY_FLOW","refUnit":"kg"}},"product":{"@type":"Flow","@id":"80e4ff02-d959-3ec5-a5df-3ed385d7df0c","name":"Sulfur, thermochemical process","category":"Technosphere Flows/31-33: Manufacturing/3251: Basic Chemical Manufacturing","flowType":"PRODUCT_FLOW","location":"RNA","refUnit":"kg"},"value":0.0},{"allocationType":"CAUSAL_ALLOCATION","exchange":{"@type":"Exchange","internalId":14,"flow":{"@type":"Flow","@id":"d939590b-a0d7-310c-8952-9921ed64a078","name":"Diesel, at refinery","category":"Technosphere Flows/31-33: Manufacturing/3241: Petroleum and Coal Products Manufacturing","flowType":"PRODUCT_FLOW","refUnit":"m3"}},"product":{"@type":"Flow","@id":"80e4ff02-d959-3ec5-a5df-3ed385d7df0c","name":"Sulfur, thermochemical process","category":"Technosphere Flows/31-33: Manufacturing/3251: Basic Chemical Manufacturing","flowType":"PRODUCT_FLOW","location":"RNA","refUnit":"kg"},"value":0.0},{"allocationType":"CAUSAL_ALLOCATION","exchange":{"@type":"Exchange","internalId":24,"flow":{"@type":"Flow","@id":"8f395d18-ce0c-39a8-b548-b184a6b9ee68","name":"Zeolite, powder, at plant","category":"Technosphere Flows/CUTOFF Flows","flowType":"PRODUCT_FLOW","refUnit":"kg"}},"product":{"@type":"Flow","@id":"2656bfd3-ed3c-3fb8-ab93-6597836a463b","name":"Ethanol, denatured, forest residues, thermochem","category":"Technosphere Flows/31-33: Manufacturing/3251: Basic Chemical Manufacturing","flowType":"PRODUCT_FLOW","location":"RNA","refUnit":"kg"},"value":0.463338534},{"allocationType":"CAUSAL_ALLOCATION","exchange":{"@type":"Exchange","internalId":15,"flow":{"@type":"Flow","@id":"0cc6f1f6-5ff4-36c7-ba84-472348971d75","name":"Silica sand, at plant","category":"Technosphere Flows/CUTOFF Flows","flowType":"PRODUCT_FLOW","refUnit":"kg"}},"product":{"@type":"Flow","@id":"0cdd9079-9cf3-33c9-ab62-9d734c03f7df","name":"Mixed Alcohols, thermochemical process","category":"Technosphere Flows/31-33: Manufacturing/3251: Basic Chemical Manufacturing","flowType":"PRODUCT_FLOW","location":"RNA","refUnit":"kg"},"value":0.536661466},{"allocationType":"CAUSAL_ALLOCATION","exchange":{"@type":"Exchange","internalId":4,"flow":{"@type":"Flow","@id":"e42f7027-df85-352b-9eac-ae48dbd7b141","name":"Thermochemical Conversion Plant","category":"Technosphere Flows/CUTOFF Flows","flowType":"PRODUCT_FLOW","refUnit":"Item(s)"}},"product":{"@type":"Flow","@id":"2656bfd3-ed3c-3fb8-ab93-6597836a463b","name":"Ethanol, denatured, forest residues, thermochem","category":"Technosphere Flows/31-33: Manufacturing/3251: Basic Chemical Manufacturing","flowType":"PRODUCT_FLOW","location":"RNA","refUnit":"kg"},"value":0.463338534},{"allocationType":"CAUSAL_ALLOCATION","exchange":{"@type":"Exchange","internalId":19,"flow":{"@type":"Flow","@id":"01ec7937-eea7-3830-aaf6-3be74f4d952b","name":"Water","category":"Elementary flows/resource/water/subterranean","flowType":"ELEMENTARY_FLOW","refUnit":"kg"}},"product":{"@type":"Flow","@id":"80e4ff02-d959-3ec5-a5df-3ed385d7df0c","name":"Sulfur, thermochemical process","category":"Technosphere Flows/31-33: Manufacturing/3251: Basic Chemical Manufacturing","flowType":"PRODUCT_FLOW","location":"RNA","refUnit":"kg"},"value":0.0},{"allocationType":"CAUSAL_ALLOCATION","exchange":{"@type":"Exchange","internalId":25,"flow":{"@type":"Flow","@id":"0f2bfe0f-76ff-36cb-bc35-abca9c747602","name":"Magnesium oxide, at plant","category":"Technosphere Flows/CUTOFF Flows","flowType":"PRODUCT_FLOW","refUnit":"kg"}},"product":{"@type":"Flow","@id":"80e4ff02-d959-3ec5-a5df-3ed385d7df0c","name":"Sulfur, thermochemical process","category":"Technosphere Flows/31-33: Manufacturing/3251: Basic Chemical Manufacturing","flowType":"PRODUCT_FLOW","location":"RNA","refUnit":"kg"},"value":0.0},{"allocationType":"CAUSAL_ALLOCATION","exchange":{"@type":"Exchange","internalId":4,"flow":{"@type":"Flow","@id":"e42f7027-df85-352b-9eac-ae48dbd7b141","name":"Thermochemical Conversion Plant","category":"Technosphere Flows/CUTOFF Flows","flowType":"PRODUCT_FLOW","refUnit":"Item(s)"}},"product":{"@type":"Flow","@id":"80e4ff02-d959-3ec5-a5df-3ed385d7df0c","name":"Sulfur, thermochemical process","category":"Technosphere Flows/31-33: Manufacturing/3251: Basic Chemical Manufacturing","flowType":"PRODUCT_FLOW","location":"RNA","refUnit":"kg"},"value":0.0},{"allocationType":"CAUSAL_ALLOCATION","exchange":{"@type":"Exchange","internalId":25,"flow":{"@type":"Flow","@id":"0f2bfe0f-76ff-36cb-bc35-abca9c747602","name":"Magnesium oxide, at plant","category":"Technosphere Flows/CUTOFF Flows","flowType":"PRODUCT_FLOW","refUnit":"kg"}},"product":{"@type":"Flow","@id":"0cdd9079-9cf3-33c9-ab62-9d734c03f7df","name":"Mixed Alcohols, thermochemical process","category":"Technosphere Flows/31-33: Manufacturing/3251: Basic Chemical Manufacturing","flowType":"PRODUCT_FLOW","location":"RNA","refUnit":"kg"},"value":0.536661466},{"allocationType":"CAUSAL_ALLOCATION","exchange":{"@type":"Exchange","internalId":7,"flow":{"@type":"Flow","@id":"658f8e12-f566-3e01-930c-e95cf9fa2c2b","name":"Forest residue, preprocessed, at conversion facility","category":"Technosphere Flows/48-49: Transportation and Warehousing/4842: Specialized Freight Trucking","flowType":"PRODUCT_FLOW","location":"RNA","refUnit":"kg"}},"product":{"@type":"Flow","@id":"80e4ff02-d959-3ec5-a5df-3ed385d7df0c","name":"Sulfur, thermochemical process","category":"Technosphere Flows/31-33: Manufacturing/3251: Basic Chemical Manufacturing","flowType":"PRODUCT_FLOW","location":"RNA","refUnit":"kg"},"value":0.0},{"allocationType":"CAUSAL_ALLOCATION","exchange":{"@type":"Exchange","internalId":28,"flow":{"@type":"Flow","@id":"405b0729-a9a8-308e-8f24-c6610f59b351","name":"Combustion, dry wood residue, AP-42","category":"Technosphere Flows/22: Utilities/2213: Water, Sewage and Other Systems","flowType":"PRODUCT_FLOW","location":"RNA","refUnit":"MJ"}},"product":{"@type":"Flow","@id":"80e4ff02-d959-3ec5-a5df-3ed385d7df0c","name":"Sulfur, thermochemical process","category":"Technosphere Flows/31-33: Manufacturing/3251: Basic Chemical Manufacturing","flowType":"PRODUCT_FLOW","location":"RNA","refUnit":"kg"},"value":0.0},{"allocationType":"CAUSAL_ALLOCATION","exchange":{"@type":"Exchange","internalId":29,"flow":{"@type":"Flow","@id":"26b65812-d78d-391e-b9cc-0b1152c31bce","name":"Treatment, sewage, unpolluted, to wastewater treatment, class 3","category":"Technosphere Flows/CUTOFF Flows","flowType":"PRODUCT_FLOW","refUnit":"m3"}},"product":{"@type":"Flow","@id":"2656bfd3-ed3c-3fb8-ab93-6597836a463b","name":"Ethanol, denatured, forest residues, thermochem","category":"Technosphere Flows/31-33: Manufacturing/3251: Basic Chemical Manufacturing","flowType":"PRODUCT_FLOW","location":"RNA","refUnit":"kg"},"value":0.463338534},{"allocationType":"CAUSAL_ALLOCATION","exchange":{"@type":"Exchange","internalId":7,"flow":{"@type":"Flow","@id":"658f8e12-f566-3e01-930c-e95cf9fa2c2b","name":"Forest residue, preprocessed, at conversion facility","category":"Technosphere Flows/48-49: Transportation and Warehousing/4842: Specialized Freight Trucking","flowType":"PRODUCT_FLOW","location":"RNA","refUnit":"kg"}},"product":{"@type":"Flow","@id":"2656bfd3-ed3c-3fb8-ab93-6597836a463b","name":"Ethanol, denatured, forest residues, thermochem","category":"Technosphere Flows/31-33: Manufacturing/3251: Basic Chemical Manufacturing","flowType":"PRODUCT_FLOW","location":"RNA","refUnit":"kg"},"value":0.463338534},{"allocationType":"CAUSAL_ALLOCATION","exchange":{"@type":"Exchange","internalId":1,"flow":{"@type":"Flow","@id":"5d0d9a58-22de-3582-a07a-b4c3748f9472","name":"Water","category":"Elementary flows/emission/air/troposphere/rural","flowType":"ELEMENTARY_FLOW","refUnit":"kg"}},"product":{"@type":"Flow","@id":"2656bfd3-ed3c-3fb8-ab93-6597836a463b","name":"Ethanol, denatured, forest residues, thermochem","category":"Technosphere Flows/31-33: Manufacturing/3251: Basic Chemical Manufacturing","flowType":"PRODUCT_FLOW","location":"RNA","refUnit":"kg"},"value":0.463338534},{"allocationType":"CAUSAL_ALLOCATION","exchange":{"@type":"Exchange","internalId":28,"flow":{"@type":"Flow","@id":"405b0729-a9a8-308e-8f24-c6610f59b351","name":"Combustion, dry wood residue, AP-42","category":"Technosphere Flows/22: Utilities/2213: Water, Sewage and Other Systems","flowType":"PRODUCT_FLOW","location":"RNA","refUnit":"MJ"}},"product":{"@type":"Flow","@id":"0cdd9079-9cf3-33c9-ab62-9d734c03f7df","name":"Mixed Alcohols, thermochemical process","category":"Technosphere Flows/31-33: Manufacturing/3251: Basic Chemical Manufacturing","flowType":"PRODUCT_FLOW","location":"RNA","refUnit":"kg"},"value":0.536661466},{"allocationType":"CAUSAL_ALLOCATION","exchange":{"@type":"Exchange","internalId":34,"flow":{"@type":"Flow","@id":"57ce615d-ee8c-3c8d-8693-356b330f8445","name":"Sulphite, at plant","category":"Technosphere Flows/CUTOFF Flows","flowType":"PRODUCT_FLOW","refUnit":"kg"}},"product":{"@type":"Flow","@id":"80e4ff02-d959-3ec5-a5df-3ed385d7df0c","name":"Sulfur, thermochemical process","category":"Technosphere Flows/31-33: Manufacturing/3251: Basic Chemical Manufacturing","flowType":"PRODUCT_FLOW","location":"RNA","refUnit":"kg"},"value":0.0},{"allocationType":"CAUSAL_ALLOCATION","exchange":{"@type":"Exchange","internalId":11,"flow":{"@type":"Flow","@id":"b11bd361-08c0-33b4-b624-2baae45ed7d8","name":"Nitrogen","category":"Elementary flows/emission/air","flowType":"ELEMENTARY_FLOW","refUnit":"kg"}},"product":{"@type":"Flow","@id":"80e4ff02-d959-3ec5-a5df-3ed385d7df0c","name":"Sulfur, thermochemical process","category":"Technosphere Flows/31-33: Manufacturing/3251: Basic Chemical Manufacturing","flowType":"PRODUCT_FLOW","location":"RNA","refUnit":"kg"},"value":0.0},{"allocationType":"CAUSAL_ALLOCATION","exchange":{"@type":"Exchange","internalId":19,"flow":{"@type":"Flow","@id":"01ec7937-eea7-3830-aaf6-3be74f4d952b","name":"Water","category":"Elementary flows/resource/water/subterranean","flowType":"ELEMENTARY_FLOW","refUnit":"kg"}},"product":{"@type":"Flow","@id":"2656bfd3-ed3c-3fb8-ab93-6597836a463b","name":"Ethanol, denatured, forest residues, thermochem","category":"Technosphere Flows/31-33: Manufacturing/3251: Basic Chemical Manufacturing","flowType":"PRODUCT_FLOW","location":"RNA","refUnit":"kg"},"value":0.463338534},{"allocationType":"CAUSAL_ALLOCATION","exchange":{"@type":"Exchange","internalId":23,"flow":{"@type":"Flow","@id":"f4973035-59f5-3bdc-b257-b274dcc04e0f","name":"Sulfur dioxide","category":"Elementary flows/emission/air","flowType":"ELEMENTARY_FLOW","refUnit":"kg"}},"product":{"@type":"Flow","@id":"80e4ff02-d959-3ec5-a5df-3ed385d7df0c","name":"Sulfur, thermochemical process","category":"Technosphere Flows/31-33: Manufacturing/3251: Basic Chemical Manufacturing","flowType":"PRODUCT_FLOW","location":"RNA","refUnit":"kg"},"value":0.0},{"allocationType":"CAUSAL_ALLOCATION","exchange":{"@type":"Exchange","internalId":36,"flow":{"@type":"Flow","@id":"09b494b5-eb57-4844-aec5-f87160089e0d","name":"Disposal, wood ash mixture, pure, 0% water, to sanitary landfill","category":"Technosphere Flows/CUTOFF Flows/CUTOFF Waste Flows","flowType":"WASTE_FLOW","refUnit":"kg"}},"product":{"@type":"Flow","@id":"0cdd9079-9cf3-33c9-ab62-9d734c03f7df","name":"Mixed Alcohols, thermochemical process","category":"Technosphere Flows/31-33: Manufacturing/3251: Basic Chemical Manufacturing","flowType":"PRODUCT_FLOW","location":"RNA","refUnit":"kg"},"value":0.536661466},{"allocationType":"CAUSAL_ALLOCATION","exchange":{"@type":"Exchange","internalId":13,"flow":{"@type":"Flow","@id":"22144b1f-4fc0-3643-953b-ede9a14e9ed4","name":"Oxygen","category":"Elementary flows/emission/air","flowType":"ELEMENTARY_FLOW","refUnit":"kg"}},"product":{"@type":"Flow","@id":"80e4ff02-d959-3ec5-a5df-3ed385d7df0c","name":"Sulfur, thermochemical process","category":"Technosphere Flows/31-33: Manufacturing/3251: Basic Chemical Manufacturing","flowType":"PRODUCT_FLOW","location":"RNA","refUnit":"kg"},"value":0.0},{"allocationType":"CAUSAL_ALLOCATION","exchange":{"@type":"Exchange","internalId":22,"flow":{"@type":"Flow","@id":"e0b92d26-4203-3ae4-aa2d-db74fab4711b","name":"Nitrogen","category":"Elementary flows/resource/air","flowType":"ELEMENTARY_FLOW","refUnit":"kg"}},"product":{"@type":"Flow","@id":"2656bfd3-ed3c-3fb8-ab93-6597836a463b","name":"Ethanol, denatured, forest residues, thermochem","category":"Technosphere Flows/31-33: Manufacturing/3251: Basic Chemical Manufacturing","flowType":"PRODUCT_FLOW","location":"RNA","refUnit":"kg"},"value":0.463338534},{"allocationType":"CAUSAL_ALLOCATION","exchange":{"@type":"Exchange","internalId":17,"flow":{"@type":"Flow","@id":"4b5cad63-18f1-30c7-ae7c-79f60094c8f0","name":"Heat, indirect, heated zones, softwood, plywood veneer drying, AP-42","category":"Technosphere Flows/31-33: Manufacturing/3212: Veneer, Plywood, and Engineered Wood Product Manufacturing","flowType":"PRODUCT_FLOW","location":"RNA","refUnit":"kg"}},"product":{"@type":"Flow","@id":"80e4ff02-d959-3ec5-a5df-3ed385d7df0c","name":"Sulfur, thermochemical process","category":"Technosphere Flows/31-33: Manufacturing/3251: Basic Chemical Manufacturing","flowType":"PRODUCT_FLOW","location":"RNA","refUnit":"kg"},"value":0.0},{"allocationType":"CAUSAL_ALLOCATION","exchange":{"@type":"Exchange","internalId":17,"flow":{"@type":"Flow","@id":"4b5cad63-18f1-30c7-ae7c-79f60094c8f0","name":"Heat, indirect, heated zones, softwood, plywood veneer drying, AP-42","category":"Technosphere Flows/31-33: Manufacturing/3212: Veneer, Plywood, and Engineered Wood Product Manufacturing","flowType":"PRODUCT_FLOW","location":"RNA","refUnit":"kg"}},"product":{"@type":"Flow","@id":"0cdd9079-9cf3-33c9-ab62-9d734c03f7df","name":"Mixed Alcohols, thermochemical process","category":"Technosphere Flows/31-33: Manufacturing/3251: Basic Chemical Manufacturing","flowType":"PRODUCT_FLOW","location":"RNA","refUnit":"kg"},"value":0.536661466},{"allocationType":"CAUSAL_ALLOCATION","exchange":{"@type":"Exchange","internalId":5,"flow":{"@type":"Flow","@id":"3c12ea56-b2b0-3fb0-9214-46dc9af0ff0b","name":"Oxygen","category":"Elementary flows/resource/air","flowType":"ELEMENTARY_FLOW","refUnit":"kg"}},"product":{"@type":"Flow","@id":"2656bfd3-ed3c-3fb8-ab93-6597836a463b","name":"Ethanol, denatured, forest residues, thermochem","category":"Technosphere Flows/31-33: Manufacturing/3251: Basic Chemical Manufacturing","flowType":"PRODUCT_FLOW","location":"RNA","refUnit":"kg"},"value":0.463338534},{"allocationType":"CAUSAL_ALLOCATION","exchange":{"@type":"Exchange","internalId":5,"flow":{"@type":"Flow","@id":"3c12ea56-b2b0-3fb0-9214-46dc9af0ff0b","name":"Oxygen","category":"Elementary flows/resource/air","flowType":"ELEMENTARY_FLOW","refUnit":"kg"}},"product":{"@type":"Flow","@id":"0cdd9079-9cf3-33c9-ab62-9d734c03f7df","name":"Mixed Alcohols, thermochemical process","category":"Technosphere Flows/31-33: Manufacturing/3251: Basic Chemical Manufacturing","flowType":"PRODUCT_FLOW","location":"RNA","refUnit":"kg"},"value":0.536661466},{"allocationType":"CAUSAL_ALLOCATION","exchange":{"@type":"Exchange","internalId":14,"flow":{"@type":"Flow","@id":"d939590b-a0d7-310c-8952-9921ed64a078","name":"Diesel, at refinery","category":"Technosphere Flows/31-33: Manufacturing/3241: Petroleum and Coal Products Manufacturing","flowType":"PRODUCT_FLOW","refUnit":"m3"}},"product":{"@type":"Flow","@id":"0cdd9079-9cf3-33c9-ab62-9d734c03f7df","name":"Mixed Alcohols, thermochemical process","category":"Technosphere Flows/31-33: Manufacturing/3251: Basic Chemical Manufacturing","flowType":"PRODUCT_FLOW","location":"RNA","refUnit":"kg"},"value":0.536661466},{"allocationType":"CAUSAL_ALLOCATION","exchange":{"@type":"Exchange","internalId":33,"flow":{"@type":"Flow","@id":"65b5d5dd-95b5-36b2-8cb0-7c5501ff1e32","name":"Ammonia","category":"Elementary flows/emission/air","flowType":"ELEMENTARY_FLOW","refUnit":"kg"}},"product":{"@type":"Flow","@id":"2656bfd3-ed3c-3fb8-ab93-6597836a463b","name":"Ethanol, denatured, forest residues, thermochem","category":"Technosphere Flows/31-33: Manufacturing/3251: Basic Chemical Manufacturing","flowType":"PRODUCT_FLOW","location":"RNA","refUnit":"kg"},"value":0.463338534},{"allocationType":"CAUSAL_ALLOCATION","exchange":{"@type":"Exchange","internalId":3,"flow":{"@type":"Flow","@id":"de044d6a-cc59-3669-a18d-89ebaa435b1e","name":"Monoethanolamine, MEA, at plant","category":"Technosphere Flows/CUTOFF Flows","flowType":"PRODUCT_FLOW","refUnit":"kg"}},"product":{"@type":"Flow","@id":"80e4ff02-d959-3ec5-a5df-3ed385d7df0c","name":"Sulfur, thermochemical process","category":"Technosphere Flows/31-33: Manufacturing/3251: Basic Chemical Manufacturing","flowType":"PRODUCT_FLOW","location":"RNA","refUnit":"kg"},"value":0.0},{"allocationType":"CAUSAL_ALLOCATION","exchange":{"@type":"Exchange","internalId":20,"flow":{"@type":"Flow","@id":"f670bb2d-c28a-3a08-9b9c-cc50bca5d126","name":"Energy, output","category":"Technosphere Flows/CUTOFF Flows","flowType":"PRODUCT_FLOW","refUnit":"MJ"}},"product":{"@type":"Flow","@id":"80e4ff02-d959-3ec5-a5df-3ed385d7df0c","name":"Sulfur, thermochemical process","category":"Technosphere Flows/31-33: Manufacturing/3251: Basic Chemical Manufacturing","flowType":"PRODUCT_FLOW","location":"RNA","refUnit":"kg"},"value":0.0},{"allocationType":"CAUSAL_ALLOCATION","exchange":{"@type":"Exchange","internalId":12,"flow":{"@type":"Flow","@id":"0e44e579-abb0-3c77-af64-c774d65be529","name":"Gasoline, at refinery","category":"Technosphere Flows/31-33: Manufacturing/3241: Petroleum and Coal Products Manufacturing","flowType":"PRODUCT_FLOW","refUnit":"m3"}},"product":{"@type":"Flow","@id":"80e4ff02-d959-3ec5-a5df-3ed385d7df0c","name":"Sulfur, thermochemical process","category":"Technosphere Flows/31-33: Manufacturing/3251: Basic Chemical Manufacturing","flowType":"PRODUCT_FLOW","location":"RNA","refUnit":"kg"},"value":0.0},{"allocationType":"CAUSAL_ALLOCATION","exchange":{"@type":"Exchange","internalId":10,"flow":{"@type":"Flow","@id":"91f5f6a2-c435-36ba-9adf-64512fcff252","name":"Chemicals inorganic, at plant","category":"Technosphere Flows/CUTOFF Flows","flowType":"PRODUCT_FLOW","refUnit":"kg"}},"product":{"@type":"Flow","@id":"80e4ff02-d959-3ec5-a5df-3ed385d7df0c","name":"Sulfur, thermochemical process","category":"Technosphere Flows/31-33: Manufacturing/3251: Basic Chemical Manufacturing","flowType":"PRODUCT_FLOW","location":"RNA","refUnit":"kg"},"value":0.0},{"allocationType":"CAUSAL_ALLOCATION","exchange":{"@type":"Exchange","internalId":32,"flow":{"@type":"Flow","@id":"1a0678a7-09b1-339d-8f05-259a14f0ab84","name":"Hydrochloric acid, without water, in 30% solution state, at plant ","category":"Technosphere Flows/31-33: Manufacturing/3251: Basic Chemical Manufacturing","flowType":"PRODUCT_FLOW","location":"RNA","refUnit":"kg"}},"product":{"@type":"Flow","@id":"2656bfd3-ed3c-3fb8-ab93-6597836a463b","name":"Ethanol, denatured, forest residues, thermochem","category":"Technosphere Flows/31-33: Manufacturing/3251: Basic Chemical Manufacturing","flowType":"PRODUCT_FLOW","location":"RNA","refUnit":"kg"},"value":0.463338534},{"allocationType":"CAUSAL_ALLOCATION","exchange":{"@type":"Exchange","internalId":1,"flow":{"@type":"Flow","@id":"5d0d9a58-22de-3582-a07a-b4c3748f9472","name":"Water","category":"Elementary flows/emission/air/troposphere/rural","flowType":"ELEMENTARY_FLOW","refUnit":"kg"}},"product":{"@type":"Flow","@id":"80e4ff02-d959-3ec5-a5df-3ed385d7df0c","name":"Sulfur, thermochemical process","category":"Technosphere Flows/31-33: Manufacturing/3251: Basic Chemical Manufacturing","flowType":"PRODUCT_FLOW","location":"RNA","refUnit":"kg"},"value":0.0},{"allocationType":"CAUSAL_ALLOCATION","exchange":{"@type":"Exchange","internalId":32,"flow":{"@type":"Flow","@id":"1a0678a7-09b1-339d-8f05-259a14f0ab84","name":"Hydrochloric acid, without water, in 30% solution state, at plant ","category":"Technosphere Flows/31-33: Manufacturing/3251: Basic Chemical Manufacturing","flowType":"PRODUCT_FLOW","location":"RNA","refUnit":"kg"}},"product":{"@type":"Flow","@id":"80e4ff02-d959-3ec5-a5df-3ed385d7df0c","name":"Sulfur, thermochemical process","category":"Technosphere Flows/31-33: Manufacturing/3251: Basic Chemical Manufacturing","flowType":"PRODUCT_FLOW","location":"RNA","refUnit":"kg"},"value":0.0},{"allocationType":"CAUSAL_ALLOCATION","exchange":{"@type":"Exchange","internalId":22,"flow":{"@type":"Flow","@id":"e0b92d26-4203-3ae4-aa2d-db74fab4711b","name":"Nitrogen","category":"Elementary flows/resource/air","flowType":"ELEMENTARY_FLOW","refUnit":"kg"}},"product":{"@type":"Flow","@id":"0cdd9079-9cf3-33c9-ab62-9d734c03f7df","name":"Mixed Alcohols, thermochemical process","category":"Technosphere Flows/31-33: Manufacturing/3251: Basic Chemical Manufacturing","flowType":"PRODUCT_FLOW","location":"RNA","refUnit":"kg"},"value":0.536661466},{"allocationType":"CAUSAL_ALLOCATION","exchange":{"@type":"Exchange","internalId":11,"flow":{"@type":"Flow","@id":"b11bd361-08c0-33b4-b624-2baae45ed7d8","name":"Nitrogen","category":"Elementary flows/emission/air","flowType":"ELEMENTARY_FLOW","refUnit":"kg"}},"product":{"@type":"Flow","@id":"2656bfd3-ed3c-3fb8-ab93-6597836a463b","name":"Ethanol, denatured, forest residues, thermochem","category":"Technosphere Flows/31-33: Manufacturing/3251: Basic Chemical Manufacturing","flowType":"PRODUCT_FLOW","location":"RNA","refUnit":"kg"},"value":0.463338534},{"allocationType":"CAUSAL_ALLOCATION","exchange":{"@type":"Exchange","internalId":32,"flow":{"@type":"Flow","@id":"1a0678a7-09b1-339d-8f05-259a14f0ab84","name":"Hydrochloric acid, without water, in 30% solution state, at plant ","category":"Technosphere Flows/31-33: Manufacturing/3251: Basic Chemical Manufacturing","flowType":"PRODUCT_FLOW","location":"RNA","refUnit":"kg"}},"product":{"@type":"Flow","@id":"0cdd9079-9cf3-33c9-ab62-9d734c03f7df","name":"Mixed Alcohols, thermochemical process","category":"Technosphere Flows/31-33: Manufacturing/3251: Basic Chemical Manufacturing","flowType":"PRODUCT_FLOW","location":"RNA","refUnit":"kg"},"value":0.536661466},{"allocationType":"ECONOMIC_ALLOCATION","product":{"@type":"Flow","@id":"0cdd9079-9cf3-33c9-ab62-9d734c03f7df","name":"Mixed Alcohols, thermochemical process","category":"Technosphere Flows/31-33: Manufacturing/3251: Basic Chemical Manufacturing","flowType":"PRODUCT_FLOW","location":"RNA","refUnit":"kg"},"value":0.15133762156563105},{"allocationType":"CAUSAL_ALLOCATION","exchange":{"@type":"Exchange","internalId":4,"flow":{"@type":"Flow","@id":"e42f7027-df85-352b-9eac-ae48dbd7b141","name":"Thermochemical Conversion Plant","category":"Technosphere Flows/CUTOFF Flows","flowType":"PRODUCT_FLOW","refUnit":"Item(s)"}},"product":{"@type":"Flow","@id":"0cdd9079-9cf3-33c9-ab62-9d734c03f7df","name":"Mixed Alcohols, thermochemical process","category":"Technosphere Flows/31-33: Manufacturing/3251: Basic Chemical Manufacturing","flowType":"PRODUCT_FLOW","location":"RNA","refUnit":"kg"},"value":0.536661466},{"allocationType":"CAUSAL_ALLOCATION","exchange":{"@type":"Exchange","internalId":10,"flow":{"@type":"Flow","@id":"91f5f6a2-c435-36ba-9adf-64512fcff252","name":"Chemicals inorganic, at plant","category":"Technosphere Flows/CUTOFF Flows","flowType":"PRODUCT_FLOW","refUnit":"kg"}},"product":{"@type":"Flow","@id":"2656bfd3-ed3c-3fb8-ab93-6597836a463b","name":"Ethanol, denatured, forest residues, thermochem","category":"Technosphere Flows/31-33: Manufacturing/3251: Basic Chemical Manufacturing","flowType":"PRODUCT_FLOW","location":"RNA","refUnit":"kg"},"value":0.463338534},{"allocationType":"CAUSAL_ALLOCATION","exchange":{"@type":"Exchange","internalId":12,"flow":{"@type":"Flow","@id":"0e44e579-abb0-3c77-af64-c774d65be529","name":"Gasoline, at refinery","category":"Technosphere Flows/31-33: Manufacturing/3241: Petroleum and Coal Products Manufacturing","flowType":"PRODUCT_FLOW","refUnit":"m3"}},"product":{"@type":"Flow","@id":"0cdd9079-9cf3-33c9-ab62-9d734c03f7df","name":"Mixed Alcohols, thermochemical process","category":"Technosphere Flows/31-33: Manufacturing/3251: Basic Chemical Manufacturing","flowType":"PRODUCT_FLOW","location":"RNA","refUnit":"kg"},"value":0.536661466},{"allocationType":"PHYSICAL_ALLOCATION","product":{"@type":"Flow","@id":"80e4ff02-d959-3ec5-a5df-3ed385d7df0c","name":"Sulfur, thermochemical process","category":"Technosphere Flows/31-33: Manufacturing/3251: Basic Chemical Manufacturing","flowType":"PRODUCT_FLOW","location":"RNA","refUnit":"kg"},"value":0.002138787828411031},{"allocationType":"CAUSAL_ALLOCATION","exchange":{"@type":"Exchange","internalId":14,"flow":{"@type":"Flow","@id":"d939590b-a0d7-310c-8952-9921ed64a078","name":"Diesel, at refinery","category":"Technosphere Flows/31-33: Manufacturing/3241: Petroleum and Coal Products Manufacturing","flowType":"PRODUCT_FLOW","refUnit":"m3"}},"product":{"@type":"Flow","@id":"2656bfd3-ed3c-3fb8-ab93-6597836a463b","name":"Ethanol, denatured, forest residues, thermochem","category":"Technosphere Flows/31-33: Manufacturing/3251: Basic Chemical Manufacturing","flowType":"PRODUCT_FLOW","location":"RNA","refUnit":"kg"},"value":0.463338534},{"allocationType":"CAUSAL_ALLOCATION","exchange":{"@type":"Exchange","internalId":35,"flow":{"@type":"Flow","@id":"47300b41-cd04-43fd-b3fa-bc31e42eda36","name":"Disposal, inert material, 0% water, to sanitary landfill","category":"Technosphere Flows/CUTOFF Flows/CUTOFF Waste Flows","flowType":"WASTE_FLOW","refUnit":"kg"}},"product":{"@type":"Flow","@id":"0cdd9079-9cf3-33c9-ab62-9d734c03f7df","name":"Mixed Alcohols, thermochemical process","category":"Technosphere Flows/31-33: Manufacturing/3251: Basic Chemical Manufacturing","flowType":"PRODUCT_FLOW","location":"RNA","refUnit":"kg"},"value":0.536661466},{"allocationType":"CAUSAL_ALLOCATION","exchange":{"@type":"Exchange","internalId":15,"flow":{"@type":"Flow","@id":"0cc6f1f6-5ff4-36c7-ba84-472348971d75","name":"Silica sand, at plant","category":"Technosphere Flows/CUTOFF Flows","flowType":"PRODUCT_FLOW","refUnit":"kg"}},"product":{"@type":"Flow","@id":"2656bfd3-ed3c-3fb8-ab93-6597836a463b","name":"Ethanol, denatured, forest residues, thermochem","category":"Technosphere Flows/31-33: Manufacturing/3251: Basic Chemical Manufacturing","flowType":"PRODUCT_FLOW","location":"RNA","refUnit":"kg"},"value":0.463338534},{"allocationType":"CAUSAL_ALLOCATION","exchange":{"@type":"Exchange","internalId":26,"flow":{"@type":"Flow","@id":"e2eb491c-78ff-3123-9e42-494c7d199b44","name":"Water","category":"Elementary flows/resource/water","flowType":"ELEMENTARY_FLOW","refUnit":"kg"}},"product":{"@type":"Flow","@id":"80e4ff02-d959-3ec5-a5df-3ed385d7df0c","name":"Sulfur, thermochemical process","category":"Technosphere Flows/31-33: Manufacturing/3251: Basic Chemical Manufacturing","flowType":"PRODUCT_FLOW","location":"RNA","refUnit":"kg"},"value":0.0},{"allocationType":"CAUSAL_ALLOCATION","exchange":{"@type":"Exchange","internalId":35,"flow":{"@type":"Flow","@id":"47300b41-cd04-43fd-b3fa-bc31e42eda36","name":"Disposal, inert material, 0% water, to sanitary landfill","category":"Technosphere Flows/CUTOFF Flows/CUTOFF Waste Flows","flowType":"WASTE_FLOW","refUnit":"kg"}},"product":{"@type":"Flow","@id":"2656bfd3-ed3c-3fb8-ab93-6597836a463b","name":"Ethanol, denatured, forest residues, thermochem","category":"Technosphere Flows/31-33: Manufacturing/3251: Basic Chemical Manufacturing","flowType":"PRODUCT_FLOW","location":"RNA","refUnit":"kg"},"value":0.463338534},{"allocationType":"CAUSAL_ALLOCATION","exchange":{"@type":"Exchange","internalId":26,"flow":{"@type":"Flow","@id":"e2eb491c-78ff-3123-9e42-494c7d199b44","name":"Water","category":"Elementary flows/resource/water","flowType":"ELEMENTARY_FLOW","refUnit":"kg"}},"product":{"@type":"Flow","@id":"2656bfd3-ed3c-3fb8-ab93-6597836a463b","name":"Ethanol, denatured, forest residues, thermochem","category":"Technosphere Flows/31-33: Manufacturing/3251: Basic Chemical Manufacturing","flowType":"PRODUCT_FLOW","location":"RNA","refUnit":"kg"},"value":0.463338534},{"allocationType":"CAUSAL_ALLOCATION","exchange":{"@type":"Exchange","internalId":7,"flow":{"@type":"Flow","@id":"658f8e12-f566-3e01-930c-e95cf9fa2c2b","name":"Forest residue, preprocessed, at conversion facility","category":"Technosphere Flows/48-49: Transportation and Warehousing/4842: Specialized Freight Trucking","flowType":"PRODUCT_FLOW","location":"RNA","refUnit":"kg"}},"product":{"@type":"Flow","@id":"0cdd9079-9cf3-33c9-ab62-9d734c03f7df","name":"Mixed Alcohols, thermochemical process","category":"Technosphere Flows/31-33: Manufacturing/3251: Basic Chemical Manufacturing","flowType":"PRODUCT_FLOW","location":"RNA","refUnit":"kg"},"value":0.536661466},{"allocationType":"ECONOMIC_ALLOCATION","product":{"@type":"Flow","@id":"2656bfd3-ed3c-3fb8-ab93-6597836a463b","name":"Ethanol, denatured, forest residues, thermochem","category":"Technosphere Flows/31-33: Manufacturing/3251: Basic Chemical Manufacturing","flowType":"PRODUCT_FLOW","location":"RNA","refUnit":"kg"},"value":0.8465235906059579},{"allocationType":"CAUSAL_ALLOCATION","exchange":{"@type":"Exchange","internalId":22,"flow":{"@type":"Flow","@id":"e0b92d26-4203-3ae4-aa2d-db74fab4711b","name":"Nitrogen","category":"Elementary flows/resource/air","flowType":"ELEMENTARY_FLOW","refUnit":"kg"}},"product":{"@type":"Flow","@id":"80e4ff02-d959-3ec5-a5df-3ed385d7df0c","name":"Sulfur, thermochemical process","category":"Technosphere Flows/31-33: Manufacturing/3251: Basic Chemical Manufacturing","flowType":"PRODUCT_FLOW","location":"RNA","refUnit":"kg"},"value":0.0},{"allocationType":"CAUSAL_ALLOCATION","exchange":{"@type":"Exchange","internalId":29,"flow":{"@type":"Flow","@id":"26b65812-d78d-391e-b9cc-0b1152c31bce","name":"Treatment, sewage, unpolluted, to wastewater treatment, class 3","category":"Technosphere Flows/CUTOFF Flows","flowType":"PRODUCT_FLOW","refUnit":"m3"}},"product":{"@type":"Flow","@id":"80e4ff02-d959-3ec5-a5df-3ed385d7df0c","name":"Sulfur, thermochemical process","category":"Technosphere Flows/31-33: Manufacturing/3251: Basic Chemical Manufacturing","flowType":"PRODUCT_FLOW","location":"RNA","refUnit":"kg"},"value":0.0},{"allocationType":"CAUSAL_ALLOCATION","exchange":{"@type":"Exchange","internalId":26,"flow":{"@type":"Flow","@id":"e2eb491c-78ff-3123-9e42-494c7d199b44","name":"Water","category":"Elementary flows/resource/water","flowType":"ELEMENTARY_FLOW","refUnit":"kg"}},"product":{"@type":"Flow","@id":"0cdd9079-9cf3-33c9-ab62-9d734c03f7df","name":"Mixed Alcohols, thermochemical process","category":"Technosphere Flows/31-33: Manufacturing/3251: Basic Chemical Manufacturing","flowType":"PRODUCT_FLOW","location":"RNA","refUnit":"kg"},"value":0.536661466},{"allocationType":"CAUSAL_ALLOCATION","exchange":{"@type":"Exchange","internalId":35,"flow":{"@type":"Flow","@id":"47300b41-cd04-43fd-b3fa-bc31e42eda36","name":"Disposal, inert material, 0% water, to sanitary landfill","category":"Technosphere Flows/CUTOFF Flows/CUTOFF Waste Flows","flowType":"WASTE_FLOW","refUnit":"kg"}},"product":{"@type":"Flow","@id":"80e4ff02-d959-3ec5-a5df-3ed385d7df0c","name":"Sulfur, thermochemical process","category":"Technosphere Flows/31-33: Manufacturing/3251: Basic Chemical Manufacturing","flowType":"PRODUCT_FLOW","location":"RNA","refUnit":"kg"},"value":0.0},{"allocationType":"CAUSAL_ALLOCATION","exchange":{"@type":"Exchange","internalId":34,"flow":{"@type":"Flow","@id":"57ce615d-ee8c-3c8d-8693-356b330f8445","name":"Sulphite, at plant","category":"Technosphere Flows/CUTOFF Flows","flowType":"PRODUCT_FLOW","refUnit":"kg"}},"product":{"@type":"Flow","@id":"0cdd9079-9cf3-33c9-ab62-9d734c03f7df","name":"Mixed Alcohols, thermochemical process","category":"Technosphere Flows/31-33: Manufacturing/3251: Basic Chemical Manufacturing","flowType":"PRODUCT_FLOW","location":"RNA","refUnit":"kg"},"value":0.536661466},{"allocationType":"CAUSAL_ALLOCATION","exchange":{"@type":"Exchange","internalId":20,"flow":{"@type":"Flow","@id":"f670bb2d-c28a-3a08-9b9c-cc50bca5d126","name":"Energy, output","category":"Technosphere Flows/CUTOFF Flows","flowType":"PRODUCT_FLOW","refUnit":"MJ"}},"product":{"@type":"Flow","@id":"0cdd9079-9cf3-33c9-ab62-9d734c03f7df","name":"Mixed Alcohols, thermochemical process","category":"Technosphere Flows/31-33: Manufacturing/3251: Basic Chemical Manufacturing","flowType":"PRODUCT_FLOW","location":"RNA","refUnit":"kg"},"value":0.536661466},{"allocationType":"CAUSAL_ALLOCATION","exchange":{"@type":"Exchange","internalId":21,"flow":{"@type":"Flow","@id":"b6f010fb-a764-3063-af2d-bcb8309a97b7","name":"Carbon dioxide","category":"Elementary flows/emission/air","flowType":"ELEMENTARY_FLOW","refUnit":"kg"}},"product":{"@type":"Flow","@id":"2656bfd3-ed3c-3fb8-ab93-6597836a463b","name":"Ethanol, denatured, forest residues, thermochem","category":"Technosphere Flows/31-33: Manufacturing/3251: Basic Chemical Manufacturing","flowType":"PRODUCT_FLOW","location":"RNA","refUnit":"kg"},"value":0.463338534},{"allocationType":"CAUSAL_ALLOCATION","exchange":{"@type":"Exchange","internalId":13,"flow":{"@type":"Flow","@id":"22144b1f-4fc0-3643-953b-ede9a14e9ed4","name":"Oxygen","category":"Elementary flows/emission/air","flowType":"ELEMENTARY_FLOW","refUnit":"kg"}},"product":{"@type":"Flow","@id":"0cdd9079-9cf3-33c9-ab62-9d734c03f7df","name":"Mixed Alcohols, thermochemical process","category":"Technosphere Flows/31-33: Manufacturing/3251: Basic Chemical Manufacturing","flowType":"PRODUCT_FLOW","location":"RNA","refUnit":"kg"},"value":0.536661466},{"allocationType":"CAUSAL_ALLOCATION","exchange":{"@type":"Exchange","internalId":17,"flow":{"@type":"Flow","@id":"4b5cad63-18f1-30c7-ae7c-79f60094c8f0","name":"Heat, indirect, heated zones, softwood, plywood veneer drying, AP-42","category":"Technosphere Flows/31-33: Manufacturing/3212: Veneer, Plywood, and Engineered Wood Product Manufacturing","flowType":"PRODUCT_FLOW","location":"RNA","refUnit":"kg"}},"product":{"@type":"Flow","@id":"2656bfd3-ed3c-3fb8-ab93-6597836a463b","name":"Ethanol, denatured, forest residues, thermochem","category":"Technosphere Flows/31-33: Manufacturing/3251: Basic Chemical Manufacturing","flowType":"PRODUCT_FLOW","location":"RNA","refUnit":"kg"},"value":0.463338534},{"allocationType":"CAUSAL_ALLOCATION","exchange":{"@type":"Exchange","internalId":33,"flow":{"@type":"Flow","@id":"65b5d5dd-95b5-36b2-8cb0-7c5501ff1e32","name":"Ammonia","category":"Elementary flows/emission/air","flowType":"ELEMENTARY_FLOW","refUnit":"kg"}},"product":{"@type":"Flow","@id":"80e4ff02-d959-3ec5-a5df-3ed385d7df0c","name":"Sulfur, thermochemical process","category":"Technosphere Flows/31-33: Manufacturing/3251: Basic Chemical Manufacturing","flowType":"PRODUCT_FLOW","location":"RNA","refUnit":"kg"},"value":0.0},{"allocationType":"CAUSAL_ALLOCATION","exchange":{"@type":"Exchange","internalId":1,"flow":{"@type":"Flow","@id":"5d0d9a58-22de-3582-a07a-b4c3748f9472","name":"Water","category":"Elementary flows/emission/air/troposphere/rural","flowType":"ELEMENTARY_FLOW","refUnit":"kg"}},"product":{"@type":"Flow","@id":"0cdd9079-9cf3-33c9-ab62-9d734c03f7df","name":"Mixed Alcohols, thermochemical process","category":"Technosphere Flows/31-33: Manufacturing/3251: Basic Chemical Manufacturing","flowType":"PRODUCT_FLOW","location":"RNA","refUnit":"kg"},"value":0.536661466},{"allocationType":"CAUSAL_ALLOCATION","exchange":{"@type":"Exchange","internalId":33,"flow":{"@type":"Flow","@id":"65b5d5dd-95b5-36b2-8cb0-7c5501ff1e32","name":"Ammonia","category":"Elementary flows/emission/air","flowType":"ELEMENTARY_FLOW","refUnit":"kg"}},"product":{"@type":"Flow","@id":"0cdd9079-9cf3-33c9-ab62-9d734c03f7df","name":"Mixed Alcohols, thermochemical process","category":"Technosphere Flows/31-33: Manufacturing/3251: Basic Chemical Manufacturing","flowType":"PRODUCT_FLOW","location":"RNA","refUnit":"kg"},"value":0.536661466},{"allocationType":"CAUSAL_ALLOCATION","exchange":{"@type":"Exchange","internalId":20,"flow":{"@type":"Flow","@id":"f670bb2d-c28a-3a08-9b9c-cc50bca5d126","name":"Energy, output","category":"Technosphere Flows/CUTOFF Flows","flowType":"PRODUCT_FLOW","refUnit":"MJ"}},"product":{"@type":"Flow","@id":"2656bfd3-ed3c-3fb8-ab93-6597836a463b","name":"Ethanol, denatured, forest residues, thermochem","category":"Technosphere Flows/31-33: Manufacturing/3251: Basic Chemical Manufacturing","flowType":"PRODUCT_FLOW","location":"RNA","refUnit":"kg"},"value":0.463338534},{"allocationType":"CAUSAL_ALLOCATION","exchange":{"@type":"Exchange","internalId":12,"flow":{"@type":"Flow","@id":"0e44e579-abb0-3c77-af64-c774d65be529","name":"Gasoline, at refinery","category":"Technosphere Flows/31-33: Manufacturing/3241: Petroleum and Coal Products Manufacturing","flowType":"PRODUCT_FLOW","refUnit":"m3"}},"product":{"@type":"Flow","@id":"2656bfd3-ed3c-3fb8-ab93-6597836a463b","name":"Ethanol, denatured, forest residues, thermochem","category":"Technosphere Flows/31-33: Manufacturing/3251: Basic Chemical Manufacturing","flowType":"PRODUCT_FLOW","location":"RNA","refUnit":"kg"},"value":0.463338534},{"allocationType":"CAUSAL_ALLOCATION","exchange":{"@type":"Exchange","internalId":19,"flow":{"@type":"Flow","@id":"01ec7937-eea7-3830-aaf6-3be74f4d952b","name":"Water","category":"Elementary flows/resource/water/subterranean","flowType":"ELEMENTARY_FLOW","refUnit":"kg"}},"product":{"@type":"Flow","@id":"0cdd9079-9cf3-33c9-ab62-9d734c03f7df","name":"Mixed Alcohols, thermochemical process","category":"Technosphere Flows/31-33: Manufacturing/3251: Basic Chemical Manufacturing","flowType":"PRODUCT_FLOW","location":"RNA","refUnit":"kg"},"value":0.536661466},{"allocationType":"CAUSAL_ALLOCATION","exchange":{"@type":"Exchange","internalId":16,"flow":{"@type":"Flow","@id":"d12c4a32-12a8-4673-9b14-5d227d2a128e","name":"Sodium hydroxide; chlor-alkali average, membrane cell; at plant; 50% solution state","category":"Technosphere Flows/31-33: Manufacturing/3251: Basic Chemical Manufacturing","flowType":"PRODUCT_FLOW","refUnit":"kg"}},"product":{"@type":"Flow","@id":"2656bfd3-ed3c-3fb8-ab93-6597836a463b","name":"Ethanol, denatured, forest residues, thermochem","category":"Technosphere Flows/31-33: Manufacturing/3251: Basic Chemical Manufacturing","flowType":"PRODUCT_FLOW","location":"RNA","refUnit":"kg"},"value":0.463338534},{"allocationType":"CAUSAL_ALLOCATION","exchange":{"@type":"Exchange","internalId":30,"flow":{"@type":"Flow","@id":"a742c00e-7148-3f99-9ecc-16bb46bd2f4f","name":"Nitrogen dioxide","category":"Elementary flows/emission/air","flowType":"ELEMENTARY_FLOW","refUnit":"kg"}},"product":{"@type":"Flow","@id":"2656bfd3-ed3c-3fb8-ab93-6597836a463b","name":"Ethanol, denatured, forest residues, thermochem","category":"Technosphere Flows/31-33: Manufacturing/3251: Basic Chemical Manufacturing","flowType":"PRODUCT_FLOW","location":"RNA","refUnit":"kg"},"value":0.463338534},{"allocationType":"CAUSAL_ALLOCATION","exchange":{"@type":"Exchange","internalId":30,"flow":{"@type":"Flow","@id":"a742c00e-7148-3f99-9ecc-16bb46bd2f4f","name":"Nitrogen dioxide","category":"Elementary flows/emission/air","flowType":"ELEMENTARY_FLOW","refUnit":"kg"}},"product":{"@type":"Flow","@id":"80e4ff02-d959-3ec5-a5df-3ed385d7df0c","name":"Sulfur, thermochemical process","category":"Technosphere Flows/31-33: Manufacturing/3251: Basic Chemical Manufacturing","flowType":"PRODUCT_FLOW","location":"RNA","refUnit":"kg"},"value":0.0},{"allocationType":"CAUSAL_ALLOCATION","exchange":{"@type":"Exchange","internalId":34,"flow":{"@type":"Flow","@id":"57ce615d-ee8c-3c8d-8693-356b330f8445","name":"Sulphite, at plant","category":"Technosphere Flows/CUTOFF Flows","flowType":"PRODUCT_FLOW","refUnit":"kg"}},"product":{"@type":"Flow","@id":"2656bfd3-ed3c-3fb8-ab93-6597836a463b","name":"Ethanol, denatured, forest residues, thermochem","category":"Technosphere Flows/31-33: Manufacturing/3251: Basic Chemical Manufacturing","flowType":"PRODUCT_FLOW","location":"RNA","refUnit":"kg"},"value":0.463338534},{"allocationType":"CAUSAL_ALLOCATION","exchange":{"@type":"Exchange","internalId":11,"flow":{"@type":"Flow","@id":"b11bd361-08c0-33b4-b624-2baae45ed7d8","name":"Nitrogen","category":"Elementary flows/emission/air","flowType":"ELEMENTARY_FLOW","refUnit":"kg"}},"product":{"@type":"Flow","@id":"0cdd9079-9cf3-33c9-ab62-9d734c03f7df","name":"Mixed Alcohols, thermochemical process","category":"Technosphere Flows/31-33: Manufacturing/3251: Basic Chemical Manufacturing","flowType":"PRODUCT_FLOW","location":"RNA","refUnit":"kg"},"value":0.536661466},{"allocationType":"CAUSAL_ALLOCATION","exchange":{"@type":"Exchange","internalId":15,"flow":{"@type":"Flow","@id":"0cc6f1f6-5ff4-36c7-ba84-472348971d75","name":"Silica sand, at plant","category":"Technosphere Flows/CUTOFF Flows","flowType":"PRODUCT_FLOW","refUnit":"kg"}},"product":{"@type":"Flow","@id":"80e4ff02-d959-3ec5-a5df-3ed385d7df0c","name":"Sulfur, thermochemical process","category":"Technosphere Flows/31-33: Manufacturing/3251: Basic Chemical Manufacturing","flowType":"PRODUCT_FLOW","location":"RNA","refUnit":"kg"},"value":0.0},{"allocationType":"CAUSAL_ALLOCATION","exchange":{"@type":"Exchange","internalId":25,"flow":{"@type":"Flow","@id":"0f2bfe0f-76ff-36cb-bc35-abca9c747602","name":"Magnesium oxide, at plant","category":"Technosphere Flows/CUTOFF Flows","flowType":"PRODUCT_FLOW","refUnit":"kg"}},"product":{"@type":"Flow","@id":"2656bfd3-ed3c-3fb8-ab93-6597836a463b","name":"Ethanol, denatured, forest residues, thermochem","category":"Technosphere Flows/31-33: Manufacturing/3251: Basic Chemical Manufacturing","flowType":"PRODUCT_FLOW","location":"RNA","refUnit":"kg"},"value":0.463338534},{"allocationType":"ECONOMIC_ALLOCATION","product":{"@type":"Flow","@id":"80e4ff02-d959-3ec5-a5df-3ed385d7df0c","name":"Sulfur, thermochemical process","category":"Technosphere Flows/31-33: Manufacturing/3251: Basic Chemical Manufacturing","flowType":"PRODUCT_FLOW","location":"RNA","refUnit":"kg"},"value":0.002138787828411031},{"allocationType":"CAUSAL_ALLOCATION","exchange":{"@type":"Exchange","internalId":24,"flow":{"@type":"Flow","@id":"8f395d18-ce0c-39a8-b548-b184a6b9ee68","name":"Zeolite, powder, at plant","category":"Technosphere Flows/CUTOFF Flows","flowType":"PRODUCT_FLOW","refUnit":"kg"}},"product":{"@type":"Flow","@id":"80e4ff02-d959-3ec5-a5df-3ed385d7df0c","name":"Sulfur, thermochemical process","category":"Technosphere Flows/31-33: Manufacturing/3251: Basic Chemical Manufacturing","flowType":"PRODUCT_FLOW","location":"RNA","refUnit":"kg"},"value":0.0},{"allocationType":"CAUSAL_ALLOCATION","exchange":{"@type":"Exchange","internalId":10,"flow":{"@type":"Flow","@id":"91f5f6a2-c435-36ba-9adf-64512fcff252","name":"Chemicals inorganic, at plant","category":"Technosphere Flows/CUTOFF Flows","flowType":"PRODUCT_FLOW","refUnit":"kg"}},"product":{"@type":"Flow","@id":"0cdd9079-9cf3-33c9-ab62-9d734c03f7df","name":"Mixed Alcohols, thermochemical process","category":"Technosphere Flows/31-33: Manufacturing/3251: Basic Chemical Manufacturing","flowType":"PRODUCT_FLOW","location":"RNA","refUnit":"kg"},"value":0.536661466},{"allocationType":"CAUSAL_ALLOCATION","exchange":{"@type":"Exchange","internalId":23,"flow":{"@type":"Flow","@id":"f4973035-59f5-3bdc-b257-b274dcc04e0f","name":"Sulfur dioxide","category":"Elementary flows/emission/air","flowType":"ELEMENTARY_FLOW","refUnit":"kg"}},"product":{"@type":"Flow","@id":"2656bfd3-ed3c-3fb8-ab93-6597836a463b","name":"Ethanol, denatured, forest residues, thermochem","category":"Technosphere Flows/31-33: Manufacturing/3251: Basic Chemical Manufacturing","flowType":"PRODUCT_FLOW","location":"RNA","refUnit":"kg"},"value":0.463338534},{"allocationType":"CAUSAL_ALLOCATION","exchange":{"@type":"Exchange","internalId":21,"flow":{"@type":"Flow","@id":"b6f010fb-a764-3063-af2d-bcb8309a97b7","name":"Carbon dioxide","category":"Elementary flows/emission/air","flowType":"ELEMENTARY_FLOW","refUnit":"kg"}},"product":{"@type":"Flow","@id":"0cdd9079-9cf3-33c9-ab62-9d734c03f7df","name":"Mixed Alcohols, thermochemical process","category":"Technosphere Flows/31-33: Manufacturing/3251: Basic Chemical Manufacturing","flowType":"PRODUCT_FLOW","location":"RNA","refUnit":"kg"},"value":0.536661466},{"allocationType":"CAUSAL_ALLOCATION","exchange":{"@type":"Exchange","internalId":3,"flow":{"@type":"Flow","@id":"de044d6a-cc59-3669-a18d-89ebaa435b1e","name":"Monoethanolamine, MEA, at plant","category":"Technosphere Flows/CUTOFF Flows","flowType":"PRODUCT_FLOW","refUnit":"kg"}},"product":{"@type":"Flow","@id":"2656bfd3-ed3c-3fb8-ab93-6597836a463b","name":"Ethanol, denatured, forest residues, thermochem","category":"Technosphere Flows/31-33: Manufacturing/3251: Basic Chemical Manufacturing","flowType":"PRODUCT_FLOW","location":"RNA","refUnit":"kg"},"value":0.463338534}]}