{"@type":"Source","@id":"29618824-45e8-40e9-abb0-0c56cc883b32","name":"Cradle-to-Gate Life Cycle Analysis of Polyvinyl Chloride (PVC) Resin. American Chemistry Council (ACC). 2021 (currently draft form)","description":"Cradle-to-Gate Life Cycle Analysis of Polyvinyl Chloride (PVC) Resin. American Chemistry Council (ACC). 2021 (currently draft form)","version":"00.00.001","lastChange":"2021-03-31T17:41:31.780Z","textReference":"Cradle-to-Gate Life Cycle Analysis of Polyvinyl Chloride (PVC) Resin. American Chemistry Council (ACC). 2021 (currently draft form)","year":2021}