{"@type":"Source","@id":"e3cc61b0-c4c6-4d7c-9f9c-dfafeccf3419","name":"National Energy Technology Laboratory (NETL). 2011. Water Use for Marcellus Shale Gas Extraction","description":"NETL Unit Process Library: \r\n\r\nProcess Name: Water Use for Marcellus Shale Gas Extraction\r\nReference Flow: 1 kg of Natural Gas from Marcellus Shale\r\nBrief Description: Water withdrawal and discharge data for the extraction of natural gas from a Marcellus Shale formation.\r\n\r\nThis document should be cited as:\r\nNETL (2011). NETL Life Cycle Inventory Data – Unit Process: Water Use for Marcellus Shale Gas Extraction. U.S. Department of Energy, National Energy Technology Laboratory. Last Updated: October 2011 (version 01). www.netl.doe.gov/energyanalyses (http://www.netl.doe.gov/energy-analyses)","category":"NETL Coal Sources/NETL Sources","version":"00.00.008","lastChange":"2021-04-06T19:31:21.370Z","url":"https://www.netl.doe.gov/projects/files/DF_Stage1_O_WaterUse_MarcShale_NG_Extraction_2011-01.pdf","textReference":"NETL (2011). NETL Life Cycle Inventory Data – Unit Process: Water Use for Marcellus Shale Gas Extraction. U.S. Department of Energy, National Energy Technology Laboratory. Last Updated: October 2011 (version 01). www.netl.doe.gov/energyanalyses (http://www.netl.doe.gov/energy-analyses)","year":2011}