{"@type":"Source","@id":"e46f3d72-2431-4dca-b8e9-4073b6203ba9","name":"National Energy Technology Laboratory (NETL). 2010. Extraction of natural gas from coal bed methane (CBM)","description":"NETL Unit Process Library: \r\n\r\nProcess Name: Extraction of natural gas (NG) from coal bed methane (CBM)\r\nReference Flow: 1 kg of natural gas from coal bed methane\r\nBrief Description: Data for the extraction of natural gas from a coal bed methane formation.\r\n\r\nThis document should be cited as:\r\nNETL (2010). NETL Life Cycle Inventory Data – Unit Process: Extraction of natural gas (NG) from coal bed methane (CBM). U.S. Department of Energy, National Energy Technology Laboratory. Last Updated: October 2010 (version 01). www.netl.doe.gov/energy-analyses (http://www.netl.doe.gov/energy-analyses)","category":"NETL Coal Sources/NETL Sources","version":"00.00.008","lastChange":"2021-04-06T18:52:53.798Z","url":"https://www.netl.doe.gov/projects/files/DF_Stage1_O_CBM_NG_Extraction_2010-01.pdf","textReference":"NETL (2010). NETL Life Cycle Inventory Data – Unit Process: Extraction of natural gas (NG) from coal bed methane (CBM). U.S. Department of Energy, National Energy Technology Laboratory. Last Updated: October 2010 (version 01). www.netl.doe.gov/energy-analyses (http://www.netl.doe.gov/energy-analyses)","year":2010}