{"@type":"Source","@id":"ee632442-d00e-4e1d-8dca-58ccf93abcf1","name":"National Renewable Energy Laboratory, 2007, Thermochemical Ethanol","description":"Thermochemical Ethanol via Indirect Gasification and Mixed Alcohol Synthesis of Lignocellulosic Biomass\r\n\r\nS. Phillips, A. Aden, J. Jechura, and D. Dayton National Renewable Energy Laboratory \r\nT. Eggeman Neoterics International, Inc","version":"00.00.001","lastChange":"2024-12-19T18:18:31.147Z","url":"https://www.nrel.gov/docs/fy07osti/41168.pdf"}