{"@type":"Flow","@id":"00b5c8b4-682d-3000-a2df-246e333f6344","name":"Enzyme, Alpha-amylase, Novozyme Liquozyme","category":"Technosphere Flows/31-33: Manufacturing/3251: Basic Chemical Manufacturing","version":"00.00.003","lastChange":"2019-09-19T17:46:11.055Z","flowType":"PRODUCT_FLOW","isInfrastructureFlow":false,"location":{"@type":"Location","@id":"d66c264e-1dbd-33e6-911d-3ffc70908e8e","name":"Europe"},"flowProperties":[{"@type":"FlowPropertyFactor","isRefFlowProperty":true,"flowProperty":{"@type":"FlowProperty","@id":"93a60a56-a3c8-11da-a746-0800200b9a66","name":"Mass","category":"Technical flow properties","refUnit":"kg"},"conversionFactor":1.0}]}