{"@type":"Flow","@id":"01163e75-95cb-3475-9c0d-7d76584078c3","name":"Corn stover, at conversion plant","category":"Technosphere Flows/48-49: Transportation and Warehousing/4842: Specialized Freight Trucking","version":"00.00.004","lastChange":"2019-09-19T18:25:57.297Z","flowType":"PRODUCT_FLOW","isInfrastructureFlow":false,"location":{"@type":"Location","@id":"b320e7db-c758-3ba6-8839-81eb83c9d7d7","name":"Northern America"},"flowProperties":[{"@type":"FlowPropertyFactor","isRefFlowProperty":true,"flowProperty":{"@type":"FlowProperty","@id":"93a60a56-a3c8-11da-a746-0800200b9a66","name":"Mass","category":"Technical flow properties","refUnit":"kg"},"conversionFactor":1.0}]}