{"@type":"Flow","@id":"0277497c-d522-39d8-9cf7-cb39e03ca262","name":"Sulfide","description":"From FedElemFlowList_1.0.1. Flow Class: Chemicals. Not a preferred flow.","category":"Elementary flows/emission/ground/human-dominated/industrial","version":"01.00.001","lastChange":"2020-01-13T21:09:45.651Z","flowType":"ELEMENTARY_FLOW","cas":"18496-25-8","formula":"S","isInfrastructureFlow":false,"flowProperties":[{"@type":"FlowPropertyFactor","isRefFlowProperty":true,"flowProperty":{"@type":"FlowProperty","@id":"93a60a56-a3c8-11da-a746-0800200b9a66","name":"Mass","category":"Technical flow properties","refUnit":"kg"},"conversionFactor":1.0}]}