{"@type":"Flow","@id":"0727fbdb-9d8e-3fed-bc91-c8d907e90249","name":"Oils, unspecified","description":"Non-FEDEFL Unmappable flow","category":"Elementary flows/emission/non-FEDEFL/ground/human-dominated/industrial","version":"00.00.004","lastChange":"2024-12-17T21:29:42.854Z","flowType":"ELEMENTARY_FLOW","isInfrastructureFlow":false,"flowProperties":[{"@type":"FlowPropertyFactor","isRefFlowProperty":true,"flowProperty":{"@type":"FlowProperty","@id":"93a60a56-a3c8-11da-a746-0800200b9a66","name":"Mass","category":"Technical flow properties","refUnit":"kg"},"conversionFactor":1.0}]}