{"@type":"Flow","@id":"0a61808a-df04-3ec0-8c2b-93d4f5cf9fbf","name":"Distillers dried grains with solubles","category":"Technosphere Flows/CUTOFF Flows","version":"00.00.005","lastChange":"2024-12-10T17:41:30.253Z","flowType":"PRODUCT_FLOW","isInfrastructureFlow":false,"location":{"@type":"Location","@id":"b320e7db-c758-3ba6-8839-81eb83c9d7d7","name":"Northern America"},"flowProperties":[{"@type":"FlowPropertyFactor","isRefFlowProperty":true,"flowProperty":{"@type":"FlowProperty","@id":"93a60a56-a3c8-11da-a746-0800200b9a66","name":"Mass","category":"Technical flow properties","refUnit":"kg"},"conversionFactor":1.0}]}