{"@type":"Flow","@id":"0cdd9079-9cf3-33c9-ab62-9d734c03f7df","name":"Mixed Alcohols, thermochemical process","category":"Technosphere Flows/31-33: Manufacturing/3251: Basic Chemical Manufacturing","version":"00.00.003","lastChange":"2019-09-19T17:46:11.157Z","flowType":"PRODUCT_FLOW","isInfrastructureFlow":false,"location":{"@type":"Location","@id":"b320e7db-c758-3ba6-8839-81eb83c9d7d7","name":"Northern America"},"flowProperties":[{"@type":"FlowPropertyFactor","isRefFlowProperty":true,"flowProperty":{"@type":"FlowProperty","@id":"93a60a56-a3c8-11da-a746-0800200b9a66","name":"Mass","category":"Technical flow properties","refUnit":"kg"},"conversionFactor":1.0}]}