{"@type":"Flow","@id":"0e6a0c9e-ced9-3e7e-8fbf-a8cf18791884","name":"Transformation, to industrial area","category":"Ecosystem Services","version":"00.00.002","lastChange":"2018-06-27T16:38:49.800Z","flowType":"PRODUCT_FLOW","isInfrastructureFlow":false,"flowProperties":[{"@type":"FlowPropertyFactor","isRefFlowProperty":true,"flowProperty":{"@type":"FlowProperty","@id":"93a60a56-a3c8-19da-a746-0800200c9a66","name":"Area","category":"Technical flow properties","refUnit":"m2"},"conversionFactor":1.0}]}