{"@type":"Flow","@id":"12077bdf-11eb-3d63-bc89-7102b9692519","name":"Ammonia","description":"From FedElemFlowList_1.0.1. Flow Class: Chemicals. Not a preferred flow.","category":"Elementary flows/emission/water/saline water body/ocean","version":"01.00.001","lastChange":"2020-01-13T21:09:45.794Z","flowType":"ELEMENTARY_FLOW","cas":"7664-41-7","formula":"H3N","isInfrastructureFlow":false,"flowProperties":[{"@type":"FlowPropertyFactor","isRefFlowProperty":true,"flowProperty":{"@type":"FlowProperty","@id":"93a60a56-a3c8-11da-a746-0800200b9a66","name":"Mass","category":"Technical flow properties","refUnit":"kg"},"conversionFactor":1.0}]}