{"@type":"Flow","@id":"153cadce-ae16-3fa0-9741-0eb91f1c77eb","name":"Disposal, industrial waste","category":"Technosphere Flows/CUTOFF Flows/CUTOFF Waste Flows","version":"00.00.006","lastChange":"2024-06-25T03:43:14.123Z","flowType":"WASTE_FLOW","isInfrastructureFlow":false,"flowProperties":[{"@type":"FlowPropertyFactor","isRefFlowProperty":true,"flowProperty":{"@type":"FlowProperty","@id":"93a60a56-a3c8-11da-a746-0800200b9a66","name":"Mass","category":"Technical flow properties","refUnit":"kg"},"conversionFactor":1.0}]}