{"@type":"Flow","@id":"1a30ee75-215c-47ab-8927-8d15cdf63407","name":"Natural gas, production mixture, at processing","description":"This flow combines natural gas extracted by conventional and unconventional means for processing, based on their percentage share in the US natural gas production mix. ","category":"Technosphere Flows/21: Mining, Quarrying, and Oil and Gas Extraction/2111: Oil and Gas Extraction","version":"00.00.010","lastChange":"2024-03-29T18:15:47.273Z","flowType":"PRODUCT_FLOW","isInfrastructureFlow":false,"flowProperties":[{"@type":"FlowPropertyFactor","isRefFlowProperty":true,"flowProperty":{"@type":"FlowProperty","@id":"93a60a56-a3c8-11da-a746-0800200b9a66","name":"Mass","category":"Technical flow properties","refUnit":"kg"},"conversionFactor":1.0}]}