{"@type":"Flow","@id":"20670726-1f47-3ae3-950f-4b334ccf5817","name":"Orthophosphate","description":"From FedElemFlowList_1.0.1. Flow Class: Chemicals. Preferred flow.","category":"Elementary flows/resource/ground/subterranean","version":"01.00.001","lastChange":"2020-01-13T21:09:45.939Z","flowType":"ELEMENTARY_FLOW","cas":"14265-44-2","formula":"O4P","isInfrastructureFlow":false,"flowProperties":[{"@type":"FlowPropertyFactor","isRefFlowProperty":true,"flowProperty":{"@type":"FlowProperty","@id":"93a60a56-a3c8-11da-a746-0800200b9a66","name":"Mass","category":"Technical flow properties","refUnit":"kg"},"conversionFactor":1.0}]}