{"@type":"Flow","@id":"22f4fc46-85d3-35af-8eca-43deb7edce37","name":"Kaolin","description":"From FedElemFlowList_1.0.1. Flow Class: Chemicals. Preferred flow.","category":"Elementary flows/resource/ground/subterranean","version":"01.00.001","lastChange":"2020-01-13T21:09:45.939Z","flowType":"ELEMENTARY_FLOW","cas":"1332-58-7","formula":"-","isInfrastructureFlow":false,"flowProperties":[{"@type":"FlowPropertyFactor","isRefFlowProperty":true,"flowProperty":{"@type":"FlowProperty","@id":"93a60a56-a3c8-11da-a746-0800200b9a66","name":"Mass","category":"Technical flow properties","refUnit":"kg"},"conversionFactor":1.0}]}