{"@type":"Flow","@id":"230bcc03-ec64-394a-bdda-e93b3cd765d4","name":"Copper","description":"From FedElemFlowList_1.0.1. Flow Class: Chemicals. Preferred flow.","category":"Elementary flows/resource/ground/subterranean","version":"01.00.001","lastChange":"2020-01-13T21:09:45.939Z","flowType":"ELEMENTARY_FLOW","cas":"7440-50-8","formula":"Cu","isInfrastructureFlow":false,"flowProperties":[{"@type":"FlowPropertyFactor","isRefFlowProperty":true,"flowProperty":{"@type":"FlowProperty","@id":"93a60a56-a3c8-11da-a746-0800200b9a66","name":"Mass","category":"Technical flow properties","refUnit":"kg"},"conversionFactor":1.0}]}