{"@type":"Flow","@id":"2319eed6-941a-32b8-967a-3f5e33019e0b","name":"Melamine urea formaldehyde, MF, resin, at plant","category":"Technosphere Flows/31-33: Manufacturing/3252: Resin, Synthetic Rubber, and Artificial and Synthetic Fibers and Filaments Manufacturing","version":"00.00.004","lastChange":"2020-10-29T17:20:03.750Z","flowType":"PRODUCT_FLOW","isInfrastructureFlow":false,"location":{"@type":"Location","@id":"b320e7db-c758-3ba6-8839-81eb83c9d7d7","name":"Northern America"},"flowProperties":[{"@type":"FlowPropertyFactor","isRefFlowProperty":true,"flowProperty":{"@type":"FlowProperty","@id":"93a60a56-a3c8-11da-a746-0800200b9a66","name":"Mass","category":"Technical flow properties","refUnit":"kg"},"conversionFactor":1.0}]}