{"@type":"Flow","@id":"23942f4b-21e8-374d-83be-1c799aea1cd4","name":"Zinc, Special High Grade ","category":"Technosphere Flows/31-33: Manufacturing/3314: Nonferrous Metal (except Aluminum) Production and Processing","version":"00.00.003","lastChange":"2019-09-19T18:00:09.583Z","flowType":"PRODUCT_FLOW","isInfrastructureFlow":false,"location":{"@type":"Location","@id":"56bca136-90bb-3a77-9abb-7ce558af711e","name":"Global"},"flowProperties":[{"@type":"FlowPropertyFactor","isRefFlowProperty":true,"flowProperty":{"@type":"FlowProperty","@id":"93a60a56-a3c8-11da-a746-0800200b9a66","name":"Mass","category":"Technical flow properties","refUnit":"kg"},"conversionFactor":1.0}]}