{"@type":"Flow","@id":"28b025c1-5897-3e01-8aa2-166cd2c9f86d","name":"Corn wet mill, gluten drying, AP-42","category":"Technosphere Flows/31-33: Manufacturing/3112: Grain and Oilseed Milling","version":"00.00.003","lastChange":"2019-09-19T17:28:34.385Z","flowType":"PRODUCT_FLOW","isInfrastructureFlow":false,"location":{"@type":"Location","@id":"b320e7db-c758-3ba6-8839-81eb83c9d7d7","name":"Northern America"},"flowProperties":[{"@type":"FlowPropertyFactor","isRefFlowProperty":true,"flowProperty":{"@type":"FlowProperty","@id":"93a60a56-a3c8-11da-a746-0800200b9a66","name":"Mass","category":"Technical flow properties","refUnit":"kg"},"conversionFactor":1.0}]}