{"@type":"Flow","@id":"2d5dd09c-40ce-4c77-80d1-af73e077ddd9","name":"Disposal, nuclear waste, low and medium active","description":"CUTOFF flow","category":"Technosphere Flows/CUTOFF Flows/CUTOFF Waste Flows","version":"00.00.002","lastChange":"2024-06-14T15:52:22.355Z","flowType":"WASTE_FLOW","cas":"","formula":"","isInfrastructureFlow":false,"flowProperties":[{"@type":"FlowPropertyFactor","isRefFlowProperty":true,"flowProperty":{"@type":"FlowProperty","@id":"93a60a56-a3c8-11da-a746-0800200b9a66","name":"Mass","category":"Technical flow properties","refUnit":"kg"},"conversionFactor":1.0}]}