{"@type":"Flow","@id":"315b1018-b914-3b81-b00a-5c7f4bf93665","name":"non used primary energy from water power","category":"Elementary flows/emission/non-FEDEFL/water","version":"00.00.003","lastChange":"2024-12-17T21:18:55.629Z","flowType":"ELEMENTARY_FLOW","isInfrastructureFlow":false,"flowProperties":[{"@type":"FlowPropertyFactor","isRefFlowProperty":true,"flowProperty":{"@type":"FlowProperty","@id":"f6811440-ee37-11de-8a39-0800200c9a66","name":"Energy","category":"Technical flow properties","refUnit":"MJ"},"conversionFactor":1.0}]}