{"@type":"Flow","@id":"32149700-69a1-393f-9ab7-f2724936c22c","name":"Antimony-125","description":"From FedElemFlowList_1.0.1.1. Flow Class: Chemicals. Not a preferred flow.","category":"Elementary flows/emission/air","version":"01.00.001","lastChange":"2020-02-21T14:11:41.935Z","flowType":"ELEMENTARY_FLOW","cas":"14234-35-6","formula":"[125Sb]","isInfrastructureFlow":false,"flowProperties":[{"@type":"FlowPropertyFactor","isRefFlowProperty":true,"flowProperty":{"@type":"FlowProperty","@id":"93a60a56-a3c8-17da-a746-0800200c9a66","name":"Radioactivity","category":"Technical flow properties","refUnit":"kBq"},"conversionFactor":1.0},{"@type":"FlowPropertyFactor","flowProperty":{"@type":"FlowProperty","@id":"93a60a56-a3c8-11da-a746-0800200b9a66","name":"Mass","category":"Technical flow properties","refUnit":"kg"},"conversionFactor":2.56E-14}]}