{"@type":"Flow","@id":"3507e4c2-de9c-3571-b0e7-4b601cd29b7c","name":"Iodine-131","description":"From FedElemFlowList_1.0.2. Flow Class: Chemicals. Not a preferred flow.","category":"Elementary flows/emission/water/fresh water body","version":"01.00.002","lastChange":"2020-04-22T05:12:10.483Z","flowType":"ELEMENTARY_FLOW","cas":"10043-66-0","formula":"-","isInfrastructureFlow":false,"flowProperties":[{"@type":"FlowPropertyFactor","flowProperty":{"@type":"FlowProperty","@id":"93a60a56-a3c8-11da-a746-0800200b9a66","name":"Mass","category":"Technical flow properties","refUnit":"kg"},"conversionFactor":2.17E-16},{"@type":"FlowPropertyFactor","isRefFlowProperty":true,"flowProperty":{"@type":"FlowProperty","@id":"93a60a56-a3c8-17da-a746-0800200c9a66","name":"Radioactivity","category":"Technical flow properties","refUnit":"kBq"},"conversionFactor":1.0}]}