{"@type":"Flow","@id":"39fa5db7-4bae-36f9-ae67-e2ccd67c318a","name":"Heat, at cogen with ignition biogas engine, allocation exergy","description":"CUTOFF flow","category":"Technosphere Flows/CUTOFF Flows","version":"00.00.004","flowType":"PRODUCT_FLOW","cas":"NaN","formula":"NaN","isInfrastructureFlow":false,"flowProperties":[{"@type":"FlowPropertyFactor","isRefFlowProperty":true,"flowProperty":{"@type":"FlowProperty","@id":"f6811440-ee37-11de-8a39-0800200c9a66","name":"Energy","category":"Technical flow properties","refUnit":"MJ"},"conversionFactor":1.0}]}