{"@type":"Flow","@id":"3d70cf5c-9dff-3ae2-bc19-8590ffbf7824","name":"Molybdenite","description":"From FedElemFlowList_1.0.1. Flow Class: Geological. Preferred flow.","category":"Elementary flows/resource/ground/subterranean","version":"01.00.001","lastChange":"2020-01-13T21:09:45.986Z","flowType":"ELEMENTARY_FLOW","cas":"1317-33-5","formula":"MoS2","isInfrastructureFlow":false,"flowProperties":[{"@type":"FlowPropertyFactor","isRefFlowProperty":true,"flowProperty":{"@type":"FlowProperty","@id":"93a60a56-a3c8-11da-a746-0800200b9a66","name":"Mass","category":"Technical flow properties","refUnit":"kg"},"conversionFactor":1.0}]}