{"@type":"Flow","@id":"400b2d60-d2b9-3e36-a89f-53a7f1349f86","name":"Chemicals organic, at plant","description":"CUTOFF flow","category":"Technosphere Flows/CUTOFF Flows","version":"00.00.004","flowType":"PRODUCT_FLOW","cas":"NaN","formula":"NaN","isInfrastructureFlow":false,"flowProperties":[{"@type":"FlowPropertyFactor","isRefFlowProperty":true,"flowProperty":{"@type":"FlowProperty","@id":"93a60a56-a3c8-11da-a746-0800200b9a66","name":"Mass","category":"Technical flow properties","refUnit":"kg"},"conversionFactor":1.0}]}