{"@type":"Flow","@id":"48187a93-fc4e-3c80-98c2-5b0eaafc07d4","name":"Sulfur, at plant","category":"Technosphere Flows/21: Mining, Quarrying, and Oil and Gas Extraction/2111: Oil and Gas Extraction","version":"00.00.003","lastChange":"2019-09-19T17:19:19.715Z","flowType":"PRODUCT_FLOW","isInfrastructureFlow":false,"location":{"@type":"Location","@id":"b320e7db-c758-3ba6-8839-81eb83c9d7d7","name":"Northern America"},"flowProperties":[{"@type":"FlowPropertyFactor","isRefFlowProperty":true,"flowProperty":{"@type":"FlowProperty","@id":"93a60a56-a3c8-11da-a746-0800200b9a66","name":"Mass","category":"Technical flow properties","refUnit":"kg"},"conversionFactor":1.0}]}