{"@type":"Flow","@id":"48a27d76-099e-3f02-8806-2d25732c15bc","name":"Energy, hydro","description":"From FedElemFlowList_1.0.1. Flow Class: Energy. Not a preferred flow.","category":"Elementary flows/resource/water/saline water body/ocean","version":"01.00.001","lastChange":"2020-01-13T21:09:45.971Z","flowType":"ELEMENTARY_FLOW","isInfrastructureFlow":false,"flowProperties":[{"@type":"FlowPropertyFactor","isRefFlowProperty":true,"flowProperty":{"@type":"FlowProperty","@id":"f6811440-ee37-11de-8a39-0800200c9a66","name":"Energy","category":"Technical flow properties","refUnit":"MJ"},"conversionFactor":1.0}]}