{"@type":"Flow","@id":"49e14705-aae9-4051-899e-1ed4946f97f0","name":"Disposal, radioactive waste, unspecified hazardous waste treatment","description":"CUTOFF flow","category":"Technosphere Flows/CUTOFF Flows/CUTOFF Waste Flows","version":"00.00.001","lastChange":"2024-06-14T15:52:22.413Z","flowType":"WASTE_FLOW","cas":"","formula":"","isInfrastructureFlow":false,"flowProperties":[{"@type":"FlowPropertyFactor","isRefFlowProperty":true,"flowProperty":{"@type":"FlowProperty","@id":"93a60a56-a3c8-11da-a746-0800200b9a66","name":"Mass","category":"Technical flow properties","refUnit":"kg"},"conversionFactor":1.0}]}