{"@type":"Flow","@id":"5897de1b-55d8-3fb9-8284-97f0c0bb4b2a","name":"Furans","description":"From FedElemFlowList_1.0.1. Flow Class: Groups. Not a preferred flow.","category":"Elementary flows/emission/air","version":"01.00.001","lastChange":"2020-01-13T21:09:46.033Z","flowType":"ELEMENTARY_FLOW","cas":"n.a.","isInfrastructureFlow":false,"flowProperties":[{"@type":"FlowPropertyFactor","isRefFlowProperty":true,"flowProperty":{"@type":"FlowProperty","@id":"93a60a56-a3c8-11da-a746-0800200b9a66","name":"Mass","category":"Technical flow properties","refUnit":"kg"},"conversionFactor":1.0}]}