{"@type":"Flow","@id":"595f37cf-3932-31ad-bd27-1c6522f0c292","name":"Diisobutyl ketone","description":"From FedElemFlowList_1.0. Flow Class: Chemicals. Not a preferred flow.","category":"Elementary flows/emission/air","version":"01.00.000","lastChange":"2019-09-11T14:10:49.874Z","flowType":"ELEMENTARY_FLOW","cas":"108-83-8","formula":"C9H18O","isInfrastructureFlow":false,"flowProperties":[{"@type":"FlowPropertyFactor","isRefFlowProperty":true,"flowProperty":{"@type":"FlowProperty","@id":"93a60a56-a3c8-11da-a746-0800200b9a66","name":"Mass","category":"Technical flow properties","refUnit":"kg"},"conversionFactor":1.0}]}