{"@type":"Flow","@id":"5a576c3d-b3c9-3fba-9bd7-de61fb2611a6","name":"Adsorbable organic halides","description":"From FedElemFlowList_1.0.1. Flow Class: Groups. Not a preferred flow.","category":"Elementary flows/emission/water/saline water body/ocean","version":"01.00.001","lastChange":"2020-01-13T21:09:46.049Z","flowType":"ELEMENTARY_FLOW","cas":"n.a.","formula":"-","isInfrastructureFlow":false,"flowProperties":[{"@type":"FlowPropertyFactor","isRefFlowProperty":true,"flowProperty":{"@type":"FlowProperty","@id":"93a60a56-a3c8-11da-a746-0800200b9a66","name":"Mass","category":"Technical flow properties","refUnit":"kg"},"conversionFactor":1.0}]}