{"@type":"Flow","@id":"5f06eae8-f6ac-3976-bbb2-397b66f548e4","name":"Chromium","description":"From FedElemFlowList_1.0.1. Flow Class: Chemicals. Not a preferred flow.","category":"Elementary flows/emission/ground/human-dominated/industrial","version":"01.00.001","lastChange":"2020-01-13T21:09:45.605Z","flowType":"ELEMENTARY_FLOW","cas":"7440-47-3","formula":"Cr","isInfrastructureFlow":false,"flowProperties":[{"@type":"FlowPropertyFactor","isRefFlowProperty":true,"flowProperty":{"@type":"FlowProperty","@id":"93a60a56-a3c8-11da-a746-0800200b9a66","name":"Mass","category":"Technical flow properties","refUnit":"kg"},"conversionFactor":1.0}]}