{"@type":"Flow","@id":"68c4b3e8-492b-3327-b39f-53005c9f235a","name":"Energy, output, from gasoline","category":"Technosphere Flows/CUTOFF Flows","version":"00.00.005","lastChange":"2024-12-20T15:31:39.034Z","flowType":"PRODUCT_FLOW","isInfrastructureFlow":false,"flowProperties":[{"@type":"FlowPropertyFactor","isRefFlowProperty":true,"flowProperty":{"@type":"FlowProperty","@id":"f6811440-ee37-11de-8a39-0800200c9a66","name":"Energy","category":"Technical flow properties","refUnit":"MJ"},"conversionFactor":1.0}]}