{"@type":"Flow","@id":"6fd19f74-c6b1-3a9b-9126-c1aacb88a266","name":"non used primary energy from wind power","category":"Elementary flows/emission/non-FEDEFL/air","version":"00.00.003","lastChange":"2024-12-17T21:26:20.868Z","flowType":"ELEMENTARY_FLOW","isInfrastructureFlow":false,"flowProperties":[{"@type":"FlowPropertyFactor","isRefFlowProperty":true,"flowProperty":{"@type":"FlowProperty","@id":"f6811440-ee37-11de-8a39-0800200c9a66","name":"Energy","category":"Technical flow properties","refUnit":"MJ"},"conversionFactor":1.0}]}