{"@type":"Flow","@id":"735f1d86-f99a-3ffa-adae-176c545744ab","name":"Transport, ocean freighter, residual fuel oil powered","category":"Technosphere Flows/48-49: Transportation and Warehousing/4831: Deep Sea, Coastal, and Great Lakes Water Transportation","version":"00.00.003","lastChange":"2019-09-19T18:23:24.115Z","flowType":"PRODUCT_FLOW","isInfrastructureFlow":false,"location":{"@type":"Location","@id":"0b3b97fa-6688-3c56-88ee-4ae80ec0c3c2","name":"United States"},"flowProperties":[{"@type":"FlowPropertyFactor","isRefFlowProperty":true,"flowProperty":{"@type":"FlowProperty","@id":"838aaa20-0117-11db-92e3-0800200c9a66","name":"Goods transport (mass*distance)","category":"Technical flow properties","refUnit":"t*km"},"conversionFactor":1.0}]}