{"@type":"Flow","@id":"7445d544-fd68-4cb8-9f75-00428a6b4c98","name":"Natural gas, at processing, conventional, kg","description":"Conventional natural gas processing uses extracted natural gas by conventional technologies, and processes it to yield a marketable product. This flow provides natural gas extracted by conventional means.","category":"Technosphere Flows/21: Mining, Quarrying, and Oil and Gas Extraction/2111: Oil and Gas Extraction","version":"00.00.008","lastChange":"2019-10-02T17:23:09.053Z","flowType":"PRODUCT_FLOW","cas":"","formula":"","isInfrastructureFlow":false,"flowProperties":[{"@type":"FlowPropertyFactor","isRefFlowProperty":true,"flowProperty":{"@type":"FlowProperty","@id":"93a60a56-a3c8-11da-a746-0800200b9a66","name":"Mass","category":"Technical flow properties","refUnit":"kg"},"conversionFactor":1.0}]}