{"@type":"Flow","@id":"7feb7eb1-5536-3c58-8cbc-997cb5cdec6e","name":"Oils, unspecified","description":"Non-FEDEFL Unmappable flow","category":"Elementary flows/emission/non-FEDEFL/water/saline water body/ocean","version":"00.00.004","lastChange":"2024-12-17T22:37:27.140Z","flowType":"ELEMENTARY_FLOW","isInfrastructureFlow":false,"flowProperties":[{"@type":"FlowPropertyFactor","isRefFlowProperty":true,"flowProperty":{"@type":"FlowProperty","@id":"93a60a56-a3c8-11da-a746-0800200b9a66","name":"Mass","category":"Technical flow properties","refUnit":"kg"},"conversionFactor":1.0}]}