{"@type":"Flow","@id":"80e4ff02-d959-3ec5-a5df-3ed385d7df0c","name":"Sulfur, thermochemical process","category":"Technosphere Flows/31-33: Manufacturing/3251: Basic Chemical Manufacturing","version":"00.00.003","lastChange":"2019-09-19T17:46:11.207Z","flowType":"PRODUCT_FLOW","isInfrastructureFlow":false,"location":{"@type":"Location","@id":"b320e7db-c758-3ba6-8839-81eb83c9d7d7","name":"Northern America"},"flowProperties":[{"@type":"FlowPropertyFactor","isRefFlowProperty":true,"flowProperty":{"@type":"FlowProperty","@id":"93a60a56-a3c8-11da-a746-0800200b9a66","name":"Mass","category":"Technical flow properties","refUnit":"kg"},"conversionFactor":1.0}]}