{"@type":"Flow","@id":"8a67b7fd-1122-3240-979e-696ea6a23ba0","name":"Mercury","description":"From FedElemFlowList_1.0.1. Flow Class: Chemicals. Not a preferred flow.","category":"Elementary flows/emission/ground/human-dominated/industrial","version":"01.00.001","lastChange":"2020-01-13T21:09:45.605Z","flowType":"ELEMENTARY_FLOW","cas":"7439-97-6","formula":"Hg","isInfrastructureFlow":false,"flowProperties":[{"@type":"FlowPropertyFactor","isRefFlowProperty":true,"flowProperty":{"@type":"FlowProperty","@id":"93a60a56-a3c8-11da-a746-0800200b9a66","name":"Mass","category":"Technical flow properties","refUnit":"kg"},"conversionFactor":1.0}]}