{"@type":"Flow","@id":"8d6a5bef-cf02-4ab8-96f1-747b791d35e4","name":"Disposal, chemical waste, unspecified, to residual material landfill","description":"CUTOFF flow","category":"Technosphere Flows/CUTOFF Flows/CUTOFF Waste Flows","version":"00.00.000","lastChange":"2024-06-20T02:38:57.704Z","flowType":"WASTE_FLOW","isInfrastructureFlow":false,"flowProperties":[{"@type":"FlowPropertyFactor","isRefFlowProperty":true,"flowProperty":{"@type":"FlowProperty","@id":"93a60a56-a3c8-11da-a746-0800200b9a66","name":"Mass","category":"Technical flow properties","refUnit":"kg"},"conversionFactor":1.0}]}