{"@type":"Flow","@id":"90962be9-076a-3590-91f8-7c070b1a8514","name":"Vinyl chloride","description":"From FedElemFlowList_1.0.1. Flow Class: Chemicals. Not a preferred flow.","category":"Elementary flows/emission/air/troposphere/urban","version":"01.00.001","lastChange":"2020-01-13T21:09:45.339Z","flowType":"ELEMENTARY_FLOW","cas":"75-01-4","formula":"C2H3Cl","isInfrastructureFlow":false,"flowProperties":[{"@type":"FlowPropertyFactor","isRefFlowProperty":true,"flowProperty":{"@type":"FlowProperty","@id":"93a60a56-a3c8-11da-a746-0800200b9a66","name":"Mass","category":"Technical flow properties","refUnit":"kg"},"conversionFactor":1.0}]}