{"@type":"Flow","@id":"91feb044-e771-35a3-a81f-ac076c5f9b83","name":"Phosphorous fertilizer, production mix, at plant","category":"Technosphere Flows/31-33: Manufacturing/3253: Pesticide, Fertilizer, and Other Agricultural Chemical Manufacturing","version":"00.00.003","lastChange":"2019-09-19T17:47:59.481Z","flowType":"PRODUCT_FLOW","isInfrastructureFlow":false,"location":{"@type":"Location","@id":"b320e7db-c758-3ba6-8839-81eb83c9d7d7","name":"Northern America"},"flowProperties":[{"@type":"FlowPropertyFactor","isRefFlowProperty":true,"flowProperty":{"@type":"FlowProperty","@id":"93a60a56-a3c8-11da-a746-0800200b9a66","name":"Mass","category":"Technical flow properties","refUnit":"kg"},"conversionFactor":1.0}]}