{"@type":"Flow","@id":"93f2d00e-e123-3fa7-826d-23c4450d949f","name":"Metolachlor","description":"From FedElemFlowList_1.0.1. Flow Class: Chemicals. Not a preferred flow.","category":"Elementary flows/emission/air/troposphere/rural","version":"01.00.001","lastChange":"2020-01-13T21:09:45.292Z","flowType":"ELEMENTARY_FLOW","cas":"51218-45-2","formula":"C15H22ClNO2","isInfrastructureFlow":false,"flowProperties":[{"@type":"FlowPropertyFactor","isRefFlowProperty":true,"flowProperty":{"@type":"FlowProperty","@id":"93a60a56-a3c8-11da-a746-0800200b9a66","name":"Mass","category":"Technical flow properties","refUnit":"kg"},"conversionFactor":1.0}]}