{"@type":"Flow","@id":"975da66d-c96c-4549-9438-16e940f6b68b","name":"Steel, chromium steel, 18/8 - GLO","description":"CUTOFF flow\r\nfrom ecoinvent 3.2 ","category":"Technosphere Flows/CUTOFF Flows","version":"01.00.008","lastChange":"2023-01-23T18:56:16.213Z","flowType":"PRODUCT_FLOW","cas":"NaN","formula":"NaN","isInfrastructureFlow":false,"flowProperties":[{"@type":"FlowPropertyFactor","isRefFlowProperty":true,"flowProperty":{"@type":"FlowProperty","@id":"93a60a56-a3c8-11da-a746-0800200b9a66","name":"Mass","category":"Technical flow properties","refUnit":"kg"},"conversionFactor":1.0}]}