{"@type":"Flow","@id":"a0eb7d41-1d2e-37b2-9969-1758504bd806","name":"Antimony compounds","description":"From FedElemFlowList_1.0. Flow Class: Groups. Not a preferred flow.","category":"Elementary flows/emission/water","version":"01.00.000","lastChange":"2019-09-11T14:21:58.349Z","flowType":"ELEMENTARY_FLOW","cas":"n.a.","formula":"-","isInfrastructureFlow":false,"flowProperties":[{"@type":"FlowPropertyFactor","isRefFlowProperty":true,"flowProperty":{"@type":"FlowProperty","@id":"93a60a56-a3c8-11da-a746-0800200b9a66","name":"Mass","category":"Technical flow properties","refUnit":"kg"},"conversionFactor":1.0}]}