{"@type":"Flow","@id":"a2521e3d-15d4-3de2-aead-6f0de4a4b8f5","name":"Boron","description":"From FedElemFlowList_1.0.1. Flow Class: Chemicals. Not a preferred flow.","category":"Elementary flows/emission/water/saline water body/ocean","version":"01.00.001","lastChange":"2020-01-13T21:09:45.892Z","flowType":"ELEMENTARY_FLOW","cas":"7440-42-8","formula":"B","isInfrastructureFlow":false,"flowProperties":[{"@type":"FlowPropertyFactor","isRefFlowProperty":true,"flowProperty":{"@type":"FlowProperty","@id":"93a60a56-a3c8-11da-a746-0800200b9a66","name":"Mass","category":"Technical flow properties","refUnit":"kg"},"conversionFactor":1.0}]}