{"@type":"Flow","@id":"a36c7dc9-b216-341e-8285-ffbae2069cb0","name":"Quartz, sand","description":"From FedElemFlowList_1.0.1. Flow Class: Geological. Preferred flow.","category":"Elementary flows/resource/ground/subterranean","version":"01.00.001","lastChange":"2020-01-13T21:09:45.986Z","flowType":"ELEMENTARY_FLOW","isInfrastructureFlow":false,"flowProperties":[{"@type":"FlowPropertyFactor","isRefFlowProperty":true,"flowProperty":{"@type":"FlowProperty","@id":"93a60a56-a3c8-11da-a746-0800200b9a66","name":"Mass","category":"Technical flow properties","refUnit":"kg"},"conversionFactor":1.0}]}