{"@type":"Flow","@id":"a95f1103-bc4d-3073-9d96-0e564e9d87ca","name":"Bentonite","description":"From FedElemFlowList_1.0.1. Flow Class: Geological. Preferred flow.","category":"Elementary flows/resource/ground/subterranean","version":"01.00.001","lastChange":"2020-01-13T21:09:45.971Z","flowType":"ELEMENTARY_FLOW","cas":"1302-78-9","isInfrastructureFlow":false,"flowProperties":[{"@type":"FlowPropertyFactor","isRefFlowProperty":true,"flowProperty":{"@type":"FlowProperty","@id":"93a60a56-a3c8-11da-a746-0800200b9a66","name":"Mass","category":"Technical flow properties","refUnit":"kg"},"conversionFactor":1.0}]}