{"@type":"Flow","@id":"b235b36a-7ade-3301-acd9-e9a91a8138e8","name":"Transport, intercity bus, diesel powered","category":"Technosphere Flows/48-49: Transportation and Warehousing/4852: Interurban and Rural Bus Transportation","version":"00.00.003","lastChange":"2019-09-19T18:29:50.121Z","flowType":"PRODUCT_FLOW","isInfrastructureFlow":false,"location":{"@type":"Location","@id":"b320e7db-c758-3ba6-8839-81eb83c9d7d7","name":"Northern America"},"flowProperties":[{"@type":"FlowPropertyFactor","isRefFlowProperty":true,"flowProperty":{"@type":"FlowProperty","@id":"8766e10f-9f41-4db0-8173-ad0d002a5b98","name":"Person transport","category":"Technical flow properties","refUnit":"p*km"},"conversionFactor":1.0}]}