{"@type":"Flow","@id":"b2e39287-f6e2-360a-86d0-5889da60aea1","name":"Nuclear energy","category":"Technosphere Flows/CUTOFF Flows","version":"00.00.003","lastChange":"2024-12-19T00:09:33.545Z","flowType":"PRODUCT_FLOW","isInfrastructureFlow":false,"flowProperties":[{"@type":"FlowPropertyFactor","isRefFlowProperty":true,"flowProperty":{"@type":"FlowProperty","@id":"f6811440-ee37-11de-8a39-0800200c9a66","name":"Energy","category":"Technical flow properties","refUnit":"MJ"},"conversionFactor":1.0}]}