{"@type":"Flow","@id":"b51b5c61-746b-3a9f-a66a-89ec3d57069e","name":"Metal ore, precious, unspecified, ROM","category":"Elementary flows/resource/non-FEDEFL/ground/subterranean","version":"00.00.003","lastChange":"2024-12-17T21:22:53.491Z","flowType":"ELEMENTARY_FLOW","isInfrastructureFlow":false,"flowProperties":[{"@type":"FlowPropertyFactor","isRefFlowProperty":true,"flowProperty":{"@type":"FlowProperty","@id":"93a60a56-a3c8-11da-a746-0800200b9a66","name":"Mass","category":"Technical flow properties","refUnit":"kg"},"conversionFactor":1.0}]}