{"@type":"Flow","@id":"b70528a4-85c8-3da6-9e86-d6399c94a9b8","name":"Treatment,maize starch production effluent,to wastewater treatment,class2","description":"CUTOFF flow","category":"Technosphere Flows/CUTOFF Flows","version":"00.00.004","flowType":"PRODUCT_FLOW","cas":"NaN","formula":"NaN","isInfrastructureFlow":false,"flowProperties":[{"@type":"FlowPropertyFactor","isRefFlowProperty":true,"flowProperty":{"@type":"FlowProperty","@id":"93a60a56-a3c8-22da-a746-0800200c9a66","name":"Volume","category":"Technical flow properties","refUnit":"m3"},"conversionFactor":1.0}]}