{"@type":"Flow","@id":"ba7d79aa-afb7-42ea-b593-0517bea19996","name":"Hydrogen fluoride, at plant","description":"CUTOFF flow\r\nalso known as hydrofluoric acid","category":"Technosphere Flows/CUTOFF Flows","version":"00.00.000","lastChange":"2024-03-27T17:46:28.966Z","flowType":"PRODUCT_FLOW","isInfrastructureFlow":false,"flowProperties":[{"@type":"FlowPropertyFactor","isRefFlowProperty":true,"flowProperty":{"@type":"FlowProperty","@id":"93a60a56-a3c8-11da-a746-0800200b9a66","name":"Mass","category":"Technical flow properties","refUnit":"kg"},"conversionFactor":1.0}]}