{"@type":"Flow","@id":"c1618370-1fc6-45fc-a2cc-2458bc9ddf6a","name":"Natural gas, production mixture, at extraction","description":"This flow combines natural gas extracted by conventional and unconventional means from all different sources based on their percentage share in the US natural gas production mix. ","category":"Technosphere Flows/21: Mining, Quarrying, and Oil and Gas Extraction/2111: Oil and Gas Extraction","version":"00.00.006","lastChange":"2024-03-29T18:15:10.997Z","flowType":"PRODUCT_FLOW","isInfrastructureFlow":false,"flowProperties":[{"@type":"FlowPropertyFactor","isRefFlowProperty":true,"flowProperty":{"@type":"FlowProperty","@id":"93a60a56-a3c8-11da-a746-0800200b9a66","name":"Mass","category":"Technical flow properties","refUnit":"kg"},"conversionFactor":1.0}]}