{"@type":"Flow","@id":"d66eadf2-3187-344d-a195-ee8f67a7b328","name":"Salts, unspecified","category":"Elementary flows/emission/non-FEDEFL/water","version":"00.00.003","lastChange":"2024-12-17T21:14:43.197Z","flowType":"ELEMENTARY_FLOW","isInfrastructureFlow":false,"flowProperties":[{"@type":"FlowPropertyFactor","isRefFlowProperty":true,"flowProperty":{"@type":"FlowProperty","@id":"93a60a56-a3c8-11da-a746-0800200b9a66","name":"Mass","category":"Technical flow properties","refUnit":"kg"},"conversionFactor":1.0}]}