{"@type":"Flow","@id":"db2c1447-2d40-3fa4-83b2-fe2753bbbf6a","name":"Switchgrass, ground and stored","category":"Technosphere Flows/11: Agriculture, Forestry, Fishing and Hunting/1151: Support Activities for Crop Production","version":"00.00.004","lastChange":"2019-09-18T23:00:46.020Z","flowType":"PRODUCT_FLOW","isInfrastructureFlow":false,"location":{"@type":"Location","@id":"b320e7db-c758-3ba6-8839-81eb83c9d7d7","name":"Northern America"},"flowProperties":[{"@type":"FlowPropertyFactor","isRefFlowProperty":true,"flowProperty":{"@type":"FlowProperty","@id":"93a60a56-a3c8-11da-a746-0800200b9a66","name":"Mass","category":"Technical flow properties","refUnit":"kg"},"conversionFactor":1.0}]}