{"@type":"Flow","@id":"e1095f4f-d4a7-3a18-a90d-35748aa47040","name":"Sulfide","description":"From FedElemFlowList_1.0.1. Flow Class: Chemicals. Not a preferred flow.","category":"Elementary flows/emission/water/saline water body/ocean","version":"01.00.001","lastChange":"2020-01-13T21:09:45.877Z","flowType":"ELEMENTARY_FLOW","cas":"18496-25-8","formula":"S","isInfrastructureFlow":false,"flowProperties":[{"@type":"FlowPropertyFactor","isRefFlowProperty":true,"flowProperty":{"@type":"FlowProperty","@id":"93a60a56-a3c8-11da-a746-0800200b9a66","name":"Mass","category":"Technical flow properties","refUnit":"kg"},"conversionFactor":1.0}]}