{"@type":"Flow","@id":"f1342bcc-f28b-38bb-9497-0f20740f4364","name":"Aluminum(III)","description":"From FedElemFlowList_1.0.1. Flow Class: Chemicals. Not a preferred flow.","category":"Elementary flows/emission/ground/human-dominated/industrial","version":"01.00.001","lastChange":"2020-01-13T21:09:45.651Z","flowType":"ELEMENTARY_FLOW","cas":"22537-23-1","formula":"-","isInfrastructureFlow":false,"flowProperties":[{"@type":"FlowPropertyFactor","isRefFlowProperty":true,"flowProperty":{"@type":"FlowProperty","@id":"93a60a56-a3c8-11da-a746-0800200b9a66","name":"Mass","category":"Technical flow properties","refUnit":"kg"},"conversionFactor":1.0}]}