{"@type":"Flow","@id":"f2154142-13c7-30c3-a098-98517ddfcf39","name":"Chemical Oxygen Demand","description":"From FedElemFlowList_1.0.1. Flow Class: Other. Not a preferred flow.","category":"Elementary flows/emission/water/saline water body/ocean","version":"01.00.001","lastChange":"2020-01-13T21:09:46.076Z","flowType":"ELEMENTARY_FLOW","isInfrastructureFlow":false,"flowProperties":[{"@type":"FlowPropertyFactor","isRefFlowProperty":true,"flowProperty":{"@type":"FlowProperty","@id":"93a60a56-a3c8-11da-a746-0800200b9a66","name":"Mass","category":"Technical flow properties","refUnit":"kg"},"conversionFactor":1.0}]}