{"@type":"Flow","@id":"f2960e88-4ca9-4f6c-9813-71e66edc37b7","name":"Disposal, solid waste, unspecified","description":"CUTOFF flow","category":"Technosphere Flows/CUTOFF Flows/CUTOFF Waste Flows","version":"00.00.006","lastChange":"2024-06-14T15:52:22.479Z","flowType":"WASTE_FLOW","cas":"NaN","formula":"NaN","isInfrastructureFlow":false,"flowProperties":[{"@type":"FlowPropertyFactor","isRefFlowProperty":true,"flowProperty":{"@type":"FlowProperty","@id":"93a60a56-a3c8-11da-a746-0800200b9a66","name":"Mass","category":"Technical flow properties","refUnit":"kg"},"conversionFactor":1.0}]}