{"@type":"Flow","@id":"f59a7f62-ebbb-4e2e-8e2c-69eed0e624d2","name":"Disposal, municipal solid wastes, to sanitary landfill","description":"CUTOFF flow","category":"Technosphere Flows/CUTOFF Flows/CUTOFF Waste Flows","version":"00.00.001","lastChange":"2024-06-14T15:52:22.347Z","flowType":"WASTE_FLOW","cas":"","formula":"","isInfrastructureFlow":false,"flowProperties":[{"@type":"FlowPropertyFactor","isRefFlowProperty":true,"flowProperty":{"@type":"FlowProperty","@id":"93a60a56-a3c8-11da-a746-0800200b9a66","name":"Mass","category":"Technical flow properties","refUnit":"kg"},"conversionFactor":1.0}]}