{"@type":"Flow","@id":"f636cde4-be91-3550-8381-14a3f8054e13","name":"Chromium(IV)","description":"From FedElemFlowList_1.0.1.1. Flow Class: Chemicals. Not a preferred flow.","category":"Elementary flows/emission/air","version":"01.00.001","lastChange":"2020-02-21T14:11:41.747Z","flowType":"ELEMENTARY_FLOW","cas":"15723-28-1","formula":"Cr","isInfrastructureFlow":false,"flowProperties":[{"@type":"FlowPropertyFactor","isRefFlowProperty":true,"flowProperty":{"@type":"FlowProperty","@id":"93a60a56-a3c8-11da-a746-0800200b9a66","name":"Mass","category":"Technical flow properties","refUnit":"kg"},"conversionFactor":1.0}]}