{"@type":"Flow","@id":"f8bff873-3318-3cf7-a413-569d08def018","name":"Water, saline","description":"From FedElemFlowList_1.0.1. Flow Class: Water. Not a preferred flow.","category":"Elementary flows/resource/water/saline water body/ocean","version":"01.00.001","lastChange":"2020-01-13T21:09:46.083Z","flowType":"ELEMENTARY_FLOW","cas":"7732205","formula":"H2O","isInfrastructureFlow":false,"flowProperties":[{"@type":"FlowPropertyFactor","isRefFlowProperty":true,"flowProperty":{"@type":"FlowProperty","@id":"93a60a56-a3c8-11da-a746-0800200b9a66","name":"Mass","category":"Technical flow properties","refUnit":"kg"},"conversionFactor":1.0},{"@type":"FlowPropertyFactor","flowProperty":{"@type":"FlowProperty","@id":"93a60a56-a3c8-22da-a746-0800200c9a66","name":"Volume","category":"Technical flow properties","refUnit":"m3"},"conversionFactor":9.756E-4}]}