{"@type":"Flow","@id":"fbe7ff3f-c159-3b49-b31c-a14111a5350d","name":"Exhaust","category":"Elementary flows/emission/non-FEDEFL/air","version":"00.00.003","lastChange":"2024-12-17T21:26:20.867Z","flowType":"ELEMENTARY_FLOW","isInfrastructureFlow":false,"flowProperties":[{"@type":"FlowPropertyFactor","isRefFlowProperty":true,"flowProperty":{"@type":"FlowProperty","@id":"93a60a56-a3c8-11da-a746-0800200b9a66","name":"Mass","category":"Technical flow properties","refUnit":"kg"},"conversionFactor":1.0}]}